sample_name,tissue,treatment,mutation,n,total,ratio,acetone_ratio,ratio_diff
hairfollicle21-b5-w17,Hair follicle,DT,C>A,7,39,0.1794871794871795,0.08978514395417402,0.08970203553300547
hairfollicle21-b5-w17,Hair follicle,DT,C>G,5,39,0.1282051282051282,0.08661658345435998,0.04158854475076822
hairfollicle21-b5-w17,Hair follicle,DT,C>T,10,39,0.2564102564102564,0.35611859779471805,-0.09970834138446166
hairfollicle21-b5-w17,Hair follicle,DT,T>A,5,39,0.1282051282051282,0.1439227486448133,-0.01571762043968511
hairfollicle21-b5-w17,Hair follicle,DT,T>C,9,39,0.23076923076923078,0.25613490782237236,-0.025365677053141578
hairfollicle21-b5-w17,Hair follicle,DT,T>G,3,39,0.07692307692307693,0.0674220183295623,0.009501058593514633
hairfollicle21-b5-w8,Hair follicle,DT,C>A,22,106,0.20754716981132076,0.08978514395417402,0.11776202585714675
hairfollicle21-b5-w8,Hair follicle,DT,C>G,9,106,0.08490566037735849,0.08661658345435998,-0.0017109230770014916
hairfollicle21-b5-w8,Hair follicle,DT,C>T,29,106,0.27358490566037735,0.35611859779471805,-0.0825336921343407
hairfollicle21-b5-w8,Hair follicle,DT,T>A,3,106,0.02830188679245283,0.1439227486448133,-0.11562086185236048
hairfollicle21-b5-w8,Hair follicle,DT,T>C,37,106,0.3490566037735849,0.25613490782237236,0.09292169595121252
hairfollicle21-b5-w8,Hair follicle,DT,T>G,6,106,0.05660377358490566,0.0674220183295623,-0.010818244744656633
hairfollicle21-b6-w14,Hair follicle,DT,C>A,41,355,0.11549295774647887,0.08978514395417402,0.025707813792304857
hairfollicle21-b6-w14,Hair follicle,DT,C>G,17,355,0.04788732394366197,0.08661658345435998,-0.03872925951069801
hairfollicle21-b6-w14,Hair follicle,DT,C>T,139,355,0.39154929577464787,0.35611859779471805,0.035430697979929815
hairfollicle21-b6-w14,Hair follicle,DT,T>A,22,355,0.061971830985915494,0.1439227486448133,-0.08195091765889781
hairfollicle21-b6-w14,Hair follicle,DT,T>C,108,355,0.30422535211267604,0.25613490782237236,0.04809044429030368
hairfollicle21-b6-w14,Hair follicle,DT,T>G,28,355,0.07887323943661972,0.0674220183295623,0.01145122110705743
hairfollicle21-b6-w17,Hair follicle,DT,C>A,7,36,0.19444444444444445,0.08978514395417402,0.10465930049027043
hairfollicle21-b6-w17,Hair follicle,DT,C>G,4,36,0.1111111111111111,0.08661658345435998,0.024494527656751128
hairfollicle21-b6-w17,Hair follicle,DT,C>T,14,36,0.3888888888888889,0.35611859779471805,0.032770291094170845
hairfollicle21-b6-w17,Hair follicle,DT,T>A,2,36,0.05555555555555555,0.1439227486448133,-0.08836719308925775
hairfollicle21-b6-w17,Hair follicle,DT,T>C,8,36,0.2222222222222222,0.25613490782237236,-0.03391268560015015
hairfollicle21-b6-w17,Hair follicle,DT,T>G,1,36,0.027777777777777776,0.0674220183295623,-0.03964424055178452
hairfollicle21-b6-w8,Hair follicle,DT,C>A,27,186,0.14516129032258066,0.08978514395417402,0.05537614636840664
hairfollicle21-b6-w8,Hair follicle,DT,C>G,20,186,0.10752688172043011,0.08661658345435998,0.020910298266070132
hairfollicle21-b6-w8,Hair follicle,DT,C>T,49,186,0.26344086021505375,0.35611859779471805,-0.0926777375796643
hairfollicle21-b6-w8,Hair follicle,DT,T>A,10,186,0.053763440860215055,0.1439227486448133,-0.09015930778459824
hairfollicle21-b6-w8,Hair follicle,DT,T>C,61,186,0.3279569892473118,0.25613490782237236,0.07182208142493945
hairfollicle21-b6-w8,Hair follicle,DT,T>G,19,186,0.10215053763440861,0.0674220183295623,0.034728519304846314
hairfollicle21-b7-w8,Hair follicle,DT,C>A,26,264,0.09848484848484848,0.08978514395417402,0.008699704530674465
hairfollicle21-b7-w8,Hair follicle,DT,C>G,15,264,0.056818181818181816,0.08661658345435998,-0.02979840163617816
hairfollicle21-b7-w8,Hair follicle,DT,C>T,81,264,0.3068181818181818,0.35611859779471805,-0.04930041597653623
hairfollicle21-b7-w8,Hair follicle,DT,T>A,15,264,0.056818181818181816,0.1439227486448133,-0.08710456682663148
hairfollicle21-b7-w8,Hair follicle,DT,T>C,111,264,0.42045454545454547,0.25613490782237236,0.1643196376321731
hairfollicle21-b7-w8,Hair follicle,DT,T>G,16,264,0.06060606060606061,0.0674220183295623,-0.006815957723501687
hairfollicle21-c1-w17,Hair follicle,DT,C>A,16,96,0.16666666666666666,0.08978514395417402,0.07688152271249264
hairfollicle21-c1-w17,Hair follicle,DT,C>G,12,96,0.125,0.08661658345435998,0.03838341654564002
hairfollicle21-c1-w17,Hair follicle,DT,C>T,22,96,0.22916666666666666,0.35611859779471805,-0.1269519311280514
hairfollicle21-c1-w17,Hair follicle,DT,T>A,18,96,0.1875,0.1439227486448133,0.0435772513551867
hairfollicle21-c1-w17,Hair follicle,DT,T>C,18,96,0.1875,0.25613490782237236,-0.06863490782237236
hairfollicle21-c1-w17,Hair follicle,DT,T>G,10,96,0.10416666666666667,0.0674220183295623,0.03674464833710438
hairfollicle21-c2-w17,Hair follicle,DT,C>A,6,49,0.12244897959183673,0.08978514395417402,0.032663835637662716
hairfollicle21-c2-w17,Hair follicle,DT,C>G,3,49,0.061224489795918366,0.08661658345435998,-0.02539209365844161
hairfollicle21-c2-w17,Hair follicle,DT,C>T,20,49,0.40816326530612246,0.35611859779471805,0.05204466751140441
hairfollicle21-c2-w17,Hair follicle,DT,T>A,2,49,0.04081632653061224,0.1439227486448133,-0.10310642211420107
hairfollicle21-c2-w17,Hair follicle,DT,T>C,13,49,0.2653061224489796,0.25613490782237236,0.00917121462660725
hairfollicle21-c2-w17,Hair follicle,DT,T>G,5,49,0.10204081632653061,0.0674220183295623,0.03461879799696832
hairfollicle21-c3-w17,Hair follicle,DT,C>A,6,51,0.11764705882352941,0.08978514395417402,0.027861914869355395
hairfollicle21-c3-w17,Hair follicle,DT,C>G,10,51,0.19607843137254902,0.08661658345435998,0.10946184791818904
hairfollicle21-c3-w17,Hair follicle,DT,C>T,13,51,0.2549019607843137,0.35611859779471805,-0.10121663701040434
hairfollicle21-c3-w17,Hair follicle,DT,T>A,5,51,0.09803921568627451,0.1439227486448133,-0.045883532958538795
hairfollicle21-c3-w17,Hair follicle,DT,T>C,15,51,0.29411764705882354,0.25613490782237236,0.03798273923645118
hairfollicle21-c3-w17,Hair follicle,DT,T>G,2,51,0.0392156862745098,0.0674220183295623,-0.02820633205505249
hairfollicle21-c5-w14,Hair follicle,DT,C>A,16,154,0.1038961038961039,0.08978514395417402,0.014110959941929888
hairfollicle21-c5-w14,Hair follicle,DT,C>G,13,154,0.08441558441558442,0.08661658345435998,-0.0022009990387755612
hairfollicle21-c5-w14,Hair follicle,DT,C>T,69,154,0.44805194805194803,0.35611859779471805,0.09193335025722998
hairfollicle21-c5-w14,Hair follicle,DT,T>A,19,154,0.12337662337662338,0.1439227486448133,-0.020546125268189927
hairfollicle21-c5-w14,Hair follicle,DT,T>C,23,154,0.14935064935064934,0.25613490782237236,-0.10678425847172301
hairfollicle21-c5-w14,Hair follicle,DT,T>G,14,154,0.09090909090909091,0.0674220183295623,0.023487072579528617
hairfollicle21-c5-w17,Hair follicle,DT,C>A,5,61,0.08196721311475409,0.08978514395417402,-0.007817930839419923
hairfollicle21-c5-w17,Hair follicle,DT,C>G,7,61,0.11475409836065574,0.08661658345435998,0.028137514906295763
hairfollicle21-c5-w17,Hair follicle,DT,C>T,20,61,0.32786885245901637,0.35611859779471805,-0.02824974533570168
hairfollicle21-c5-w17,Hair follicle,DT,T>A,12,61,0.19672131147540983,0.1439227486448133,0.05279856283059653
hairfollicle21-c5-w17,Hair follicle,DT,T>C,10,61,0.16393442622950818,0.25613490782237236,-0.09220048159286418
hairfollicle21-c5-w17,Hair follicle,DT,T>G,7,61,0.11475409836065574,0.0674220183295623,0.047332080031093446
hairfollicle21-c6-w14,Hair follicle,DT,C>A,23,160,0.14375,0.08978514395417402,0.053964856045825974
hairfollicle21-c6-w14,Hair follicle,DT,C>G,14,160,0.0875,0.08661658345435998,8.834165456400173e-4
hairfollicle21-c6-w14,Hair follicle,DT,C>T,24,160,0.15,0.35611859779471805,-0.20611859779471806
hairfollicle21-c6-w14,Hair follicle,DT,T>A,61,160,0.38125,0.1439227486448133,0.23732725135518667
hairfollicle21-c6-w14,Hair follicle,DT,T>C,26,160,0.1625,0.25613490782237236,-0.09363490782237235
hairfollicle21-c6-w14,Hair follicle,DT,T>G,12,160,0.075,0.0674220183295623,0.007577981670437703
hairfollicle21-c6-w17,Hair follicle,DT,C>A,2,16,0.125,0.08978514395417402,0.035214856045825985
hairfollicle21-c6-w17,Hair follicle,DT,C>G,3,16,0.1875,0.08661658345435998,0.10088341654564002
hairfollicle21-c6-w17,Hair follicle,DT,C>T,5,16,0.3125,0.35611859779471805,-0.04361859779471805
hairfollicle21-c6-w17,Hair follicle,DT,T>A,1,16,0.0625,0.1439227486448133,-0.0814227486448133
hairfollicle21-c6-w17,Hair follicle,DT,T>C,4,16,0.25,0.25613490782237236,-0.00613490782237236
hairfollicle21-c6-w17,Hair follicle,DT,T>G,1,16,0.0625,0.0674220183295623,-0.004922018329562294
hairfollicle21-c6-w8,Hair follicle,DT,C>A,10,144,0.06944444444444445,0.08978514395417402,-0.020340699509729568
hairfollicle21-c6-w8,Hair follicle,DT,C>G,12,144,0.08333333333333333,0.08661658345435998,-0.0032832501210266485
hairfollicle21-c6-w8,Hair follicle,DT,C>T,49,144,0.3402777777777778,0.35611859779471805,-0.01584082001694026
hairfollicle21-c6-w8,Hair follicle,DT,T>A,6,144,0.041666666666666664,0.1439227486448133,-0.10225608197814665
hairfollicle21-c6-w8,Hair follicle,DT,T>C,56,144,0.3888888888888889,0.25613490782237236,0.13275398106651654
hairfollicle21-c6-w8,Hair follicle,DT,T>G,11,144,0.0763888888888889,0.0674220183295623,0.0089668705593266
hairfollicle21-c7-w14,Hair follicle,DT,C>A,3,26,0.11538461538461539,0.08978514395417402,0.025599471430441376
hairfollicle21-c7-w14,Hair follicle,DT,C>G,0,26,0,0.08661658345435998,-0.08661658345435998
hairfollicle21-c7-w14,Hair follicle,DT,C>T,10,26,0.38461538461538464,0.35611859779471805,0.028496786820666586
hairfollicle21-c7-w14,Hair follicle,DT,T>A,3,26,0.11538461538461539,0.1439227486448133,-0.028538133260197912
hairfollicle21-c7-w14,Hair follicle,DT,T>C,10,26,0.38461538461538464,0.25613490782237236,0.12848047679301228
hairfollicle21-c7-w14,Hair follicle,DT,T>G,0,26,0,0.0674220183295623,-0.0674220183295623
hairfollicle21-c7-w8,Hair follicle,DT,C>A,32,250,0.128,0.08978514395417402,0.03821485604582599
hairfollicle21-c7-w8,Hair follicle,DT,C>G,22,250,0.088,0.08661658345435998,0.0013834165456400177
hairfollicle21-c7-w8,Hair follicle,DT,C>T,82,250,0.328,0.35611859779471805,-0.028118597794718037
hairfollicle21-c7-w8,Hair follicle,DT,T>A,13,250,0.052,0.1439227486448133,-0.09192274864481331
hairfollicle21-c7-w8,Hair follicle,DT,T>C,86,250,0.344,0.25613490782237236,0.08786509217762761
hairfollicle21-c7-w8,Hair follicle,DT,T>G,15,250,0.06,0.0674220183295623,-0.007422018329562297
hairfollicle21-d1-w14,Hair follicle,DT,C>A,2,10,0.2,0.08978514395417402,0.110214856045826
hairfollicle21-d1-w14,Hair follicle,DT,C>G,1,10,0.1,0.08661658345435998,0.013383416545640028
hairfollicle21-d1-w14,Hair follicle,DT,C>T,3,10,0.3,0.35611859779471805,-0.05611859779471806
hairfollicle21-d1-w14,Hair follicle,DT,T>A,0,10,0,0.1439227486448133,-0.1439227486448133
hairfollicle21-d1-w14,Hair follicle,DT,T>C,3,10,0.3,0.25613490782237236,0.04386509217762763
hairfollicle21-d1-w14,Hair follicle,DT,T>G,1,10,0.1,0.0674220183295623,0.03257798167043771
hairfollicle21-d1-w17,Hair follicle,DT,C>A,12,90,0.13333333333333333,0.08978514395417402,0.043548189379159316
hairfollicle21-d1-w17,Hair follicle,DT,C>G,10,90,0.1111111111111111,0.08661658345435998,0.024494527656751128
hairfollicle21-d1-w17,Hair follicle,DT,C>T,21,90,0.23333333333333334,0.35611859779471805,-0.12278526446138471
hairfollicle21-d1-w17,Hair follicle,DT,T>A,29,90,0.32222222222222224,0.1439227486448133,0.17829947357740894
hairfollicle21-d1-w17,Hair follicle,DT,T>C,10,90,0.1111111111111111,0.25613490782237236,-0.14502379671126125
hairfollicle21-d1-w17,Hair follicle,DT,T>G,8,90,0.08888888888888889,0.0674220183295623,0.021466870559326598
hairfollicle21-d1-w8,Hair follicle,DT,C>A,34,429,0.07925407925407925,0.08978514395417402,-0.010531064700094767
hairfollicle21-d1-w8,Hair follicle,DT,C>G,48,429,0.11188811188811189,0.08661658345435998,0.02527152843375191
hairfollicle21-d1-w8,Hair follicle,DT,C>T,150,429,0.34965034965034963,0.35611859779471805,-0.006468248144368416
hairfollicle21-d1-w8,Hair follicle,DT,T>A,29,429,0.0675990675990676,0.1439227486448133,-0.0763236810457457
hairfollicle21-d1-w8,Hair follicle,DT,T>C,136,429,0.317016317016317,0.25613490782237236,0.060881409193944636
hairfollicle21-d1-w8,Hair follicle,DT,T>G,32,429,0.07459207459207459,0.0674220183295623,0.007170056262512298
hairfollicle21-d2-w17,Hair follicle,DT,C>A,3,28,0.10714285714285714,0.08978514395417402,0.01735771318868312
hairfollicle21-d2-w17,Hair follicle,DT,C>G,3,28,0.10714285714285714,0.08661658345435998,0.02052627368849716
hairfollicle21-d2-w17,Hair follicle,DT,C>T,9,28,0.32142857142857145,0.35611859779471805,-0.0346900263661466
hairfollicle21-d2-w17,Hair follicle,DT,T>A,2,28,0.07142857142857142,0.1439227486448133,-0.07249417721624188
hairfollicle21-d2-w17,Hair follicle,DT,T>C,10,28,0.35714285714285715,0.25613490782237236,0.10100794932048479
hairfollicle21-d2-w17,Hair follicle,DT,T>G,1,28,0.03571428571428571,0.0674220183295623,-0.03170773261527658
hairfollicle21-d2-w8,Hair follicle,DT,C>A,22,161,0.13664596273291926,0.08978514395417402,0.04686081877874525
hairfollicle21-d2-w8,Hair follicle,DT,C>G,16,161,0.09937888198757763,0.08661658345435998,0.012762298533217656
hairfollicle21-d2-w8,Hair follicle,DT,C>T,53,161,0.32919254658385094,0.35611859779471805,-0.026926051210867108
hairfollicle21-d2-w8,Hair follicle,DT,T>A,6,161,0.037267080745341616,0.1439227486448133,-0.10665566789947169
hairfollicle21-d2-w8,Hair follicle,DT,T>C,57,161,0.35403726708074534,0.25613490782237236,0.09790235925837298
hairfollicle21-d2-w8,Hair follicle,DT,T>G,7,161,0.043478260869565216,0.0674220183295623,-0.023943757459997078
hairfollicle21-d3-w17,Hair follicle,DT,C>A,0,11,0,0.08978514395417402,-0.08978514395417402
hairfollicle21-d3-w17,Hair follicle,DT,C>G,1,11,0.09090909090909091,0.08661658345435998,0.004292507454730934
hairfollicle21-d3-w17,Hair follicle,DT,C>T,4,11,0.36363636363636365,0.35611859779471805,0.007517765841645596
hairfollicle21-d3-w17,Hair follicle,DT,T>A,0,11,0,0.1439227486448133,-0.1439227486448133
hairfollicle21-d3-w17,Hair follicle,DT,T>C,3,11,0.2727272727272727,0.25613490782237236,0.016592364904900347
hairfollicle21-d3-w17,Hair follicle,DT,T>G,3,11,0.2727272727272727,0.0674220183295623,0.2053052543977104
hairfollicle21-d3-w8,Hair follicle,DT,C>A,7,55,0.12727272727272726,0.08978514395417402,0.037487583318553244
hairfollicle21-d3-w8,Hair follicle,DT,C>G,8,55,0.14545454545454545,0.08661658345435998,0.05883796200018547
hairfollicle21-d3-w8,Hair follicle,DT,C>T,20,55,0.36363636363636365,0.35611859779471805,0.007517765841645596
hairfollicle21-d3-w8,Hair follicle,DT,T>A,3,55,0.05454545454545454,0.1439227486448133,-0.08937729409935877
hairfollicle21-d3-w8,Hair follicle,DT,T>C,15,55,0.2727272727272727,0.25613490782237236,0.016592364904900347
hairfollicle21-d3-w8,Hair follicle,DT,T>G,2,55,0.03636363636363636,0.0674220183295623,-0.031058381965925932
hairfollicle21-d4-w14,Hair follicle,DT,C>A,5,38,0.13157894736842105,0.08978514395417402,0.04179380341424703
hairfollicle21-d4-w14,Hair follicle,DT,C>G,4,38,0.10526315789473684,0.08661658345435998,0.01864657444037686
hairfollicle21-d4-w14,Hair follicle,DT,C>T,15,38,0.39473684210526316,0.35611859779471805,0.03861824431054511
hairfollicle21-d4-w14,Hair follicle,DT,T>A,1,38,0.02631578947368421,0.1439227486448133,-0.1176069591711291
hairfollicle21-d4-w14,Hair follicle,DT,T>C,12,38,0.3157894736842105,0.25613490782237236,0.05965456586183815
hairfollicle21-d4-w14,Hair follicle,DT,T>G,1,38,0.02631578947368421,0.0674220183295623,-0.041106228855878085
hairfollicle21-d4-w17,Hair follicle,DT,C>A,17,121,0.14049586776859505,0.08978514395417402,0.05071072381442103
hairfollicle21-d4-w17,Hair follicle,DT,C>G,24,121,0.19834710743801653,0.08661658345435998,0.11173052398365656
hairfollicle21-d4-w17,Hair follicle,DT,C>T,35,121,0.2892561983471074,0.35611859779471805,-0.06686239944761063
hairfollicle21-d4-w17,Hair follicle,DT,T>A,13,121,0.10743801652892562,0.1439227486448133,-0.03648473211588768
hairfollicle21-d4-w17,Hair follicle,DT,T>C,22,121,0.18181818181818182,0.25613490782237236,-0.07431672600419054
hairfollicle21-d4-w17,Hair follicle,DT,T>G,10,121,0.08264462809917356,0.0674220183295623,0.015222609769611262
hairfollicle21-d4-w8,Hair follicle,DT,C>A,13,97,0.13402061855670103,0.08978514395417402,0.04423547460252701
hairfollicle21-d4-w8,Hair follicle,DT,C>G,8,97,0.08247422680412371,0.08661658345435998,-0.004142356650236267
hairfollicle21-d4-w8,Hair follicle,DT,C>T,39,97,0.4020618556701031,0.35611859779471805,0.04594325787538506
hairfollicle21-d4-w8,Hair follicle,DT,T>A,4,97,0.041237113402061855,0.1439227486448133,-0.10268563524275146
hairfollicle21-d4-w8,Hair follicle,DT,T>C,27,97,0.27835051546391754,0.25613490782237236,0.022215607641545176
hairfollicle21-d4-w8,Hair follicle,DT,T>G,6,97,0.061855670103092786,0.0674220183295623,-0.0055663482264695086
hairfollicle21-d5-w17,Hair follicle,DT,C>A,2,16,0.125,0.08978514395417402,0.035214856045825985
hairfollicle21-d5-w17,Hair follicle,DT,C>G,2,16,0.125,0.08661658345435998,0.03838341654564002
hairfollicle21-d5-w17,Hair follicle,DT,C>T,5,16,0.3125,0.35611859779471805,-0.04361859779471805
hairfollicle21-d5-w17,Hair follicle,DT,T>A,1,16,0.0625,0.1439227486448133,-0.0814227486448133
hairfollicle21-d5-w17,Hair follicle,DT,T>C,4,16,0.25,0.25613490782237236,-0.00613490782237236
hairfollicle21-d5-w17,Hair follicle,DT,T>G,2,16,0.125,0.0674220183295623,0.057577981670437706
hairfollicle21-d6-w17,Hair follicle,DT,C>A,8,87,0.09195402298850575,0.08978514395417402,0.0021688790343317305
hairfollicle21-d6-w17,Hair follicle,DT,C>G,7,87,0.08045977011494253,0.08661658345435998,-0.00615681333941745
hairfollicle21-d6-w17,Hair follicle,DT,C>T,20,87,0.22988505747126436,0.35611859779471805,-0.12623354032345369
hairfollicle21-d6-w17,Hair follicle,DT,T>A,27,87,0.3103448275862069,0.1439227486448133,0.1664220789413936
hairfollicle21-d6-w17,Hair follicle,DT,T>C,18,87,0.20689655172413793,0.25613490782237236,-0.04923835609823443
hairfollicle21-d6-w17,Hair follicle,DT,T>G,7,87,0.08045977011494253,0.0674220183295623,0.013037751785380233
hairfollicle21-e1-w14,Hair follicle,DT,C>A,8,87,0.09195402298850575,0.08978514395417402,0.0021688790343317305
hairfollicle21-e1-w14,Hair follicle,DT,C>G,6,87,0.06896551724137931,0.08661658345435998,-0.017651066212980668
hairfollicle21-e1-w14,Hair follicle,DT,C>T,34,87,0.39080459770114945,0.35611859779471805,0.0346859999064314
hairfollicle21-e1-w14,Hair follicle,DT,T>A,22,87,0.25287356321839083,0.1439227486448133,0.10895081457357753
hairfollicle21-e1-w14,Hair follicle,DT,T>C,12,87,0.13793103448275862,0.25613490782237236,-0.11820387333961374
hairfollicle21-e1-w14,Hair follicle,DT,T>G,5,87,0.05747126436781609,0.0674220183295623,-0.009950753961746203
hairfollicle21-e1-w17,Hair follicle,DT,C>A,8,50,0.16,0.08978514395417402,0.07021485604582599
hairfollicle21-e1-w17,Hair follicle,DT,C>G,7,50,0.14,0.08661658345435998,0.053383416545640036
hairfollicle21-e1-w17,Hair follicle,DT,C>T,15,50,0.3,0.35611859779471805,-0.05611859779471806
hairfollicle21-e1-w17,Hair follicle,DT,T>A,11,50,0.22,0.1439227486448133,0.0760772513551867
hairfollicle21-e1-w17,Hair follicle,DT,T>C,7,50,0.14,0.25613490782237236,-0.11613490782237235
hairfollicle21-e1-w17,Hair follicle,DT,T>G,2,50,0.04,0.0674220183295623,-0.027422018329562294
hairfollicle21-e2-w14,Hair follicle,DT,C>A,20,205,0.0975609756097561,0.08978514395417402,0.0077758316555820856
hairfollicle21-e2-w14,Hair follicle,DT,C>G,14,205,0.06829268292682927,0.08661658345435998,-0.018323900527530704
hairfollicle21-e2-w14,Hair follicle,DT,C>T,65,205,0.3170731707317073,0.35611859779471805,-0.03904542706301073
hairfollicle21-e2-w14,Hair follicle,DT,T>A,27,205,0.13170731707317074,0.1439227486448133,-0.012215431571642565
hairfollicle21-e2-w14,Hair follicle,DT,T>C,67,205,0.32682926829268294,0.25613490782237236,0.07069436047031058
hairfollicle21-e2-w14,Hair follicle,DT,T>G,12,205,0.05853658536585366,0.0674220183295623,-0.008885432963708632
hairfollicle21-e2-w8,Hair follicle,DT,C>A,6,59,0.1016949152542373,0.08978514395417402,0.01190977130006328
hairfollicle21-e2-w8,Hair follicle,DT,C>G,5,59,0.0847457627118644,0.08661658345435998,-0.0018708207424955742
hairfollicle21-e2-w8,Hair follicle,DT,C>T,19,59,0.3220338983050847,0.35611859779471805,-0.03408469948963333
hairfollicle21-e2-w8,Hair follicle,DT,T>A,5,59,0.0847457627118644,0.1439227486448133,-0.0591769859329489
hairfollicle21-e2-w8,Hair follicle,DT,T>C,19,59,0.3220338983050847,0.25613490782237236,0.06589899048271236
hairfollicle21-e2-w8,Hair follicle,DT,T>G,5,59,0.0847457627118644,0.0674220183295623,0.01732374438230211
hairfollicle21-e3-w14,Hair follicle,DT,C>A,28,397,0.07052896725440806,0.08978514395417402,-0.019256176699765953
hairfollicle21-e3-w14,Hair follicle,DT,C>G,29,397,0.07304785894206549,0.08661658345435998,-0.013568724512294489
hairfollicle21-e3-w14,Hair follicle,DT,C>T,138,397,0.34760705289672544,0.35611859779471805,-0.008511544897992607
hairfollicle21-e3-w14,Hair follicle,DT,T>A,32,397,0.08060453400503778,0.1439227486448133,-0.06331821463977552
hairfollicle21-e3-w14,Hair follicle,DT,T>C,136,397,0.3425692695214106,0.25613490782237236,0.08643436169903823
hairfollicle21-e3-w14,Hair follicle,DT,T>G,34,397,0.08564231738035265,0.0674220183295623,0.018220299050790353
hairfollicle21-e3-w17,Hair follicle,DT,C>A,4,34,0.11764705882352941,0.08978514395417402,0.027861914869355395
hairfollicle21-e3-w17,Hair follicle,DT,C>G,7,34,0.20588235294117646,0.08661658345435998,0.11926576948681648
hairfollicle21-e3-w17,Hair follicle,DT,C>T,12,34,0.35294117647058826,0.35611859779471805,-0.003177421324129792
hairfollicle21-e3-w17,Hair follicle,DT,T>A,3,34,0.08823529411764706,0.1439227486448133,-0.05568745452716624
hairfollicle21-e3-w17,Hair follicle,DT,T>C,7,34,0.20588235294117646,0.25613490782237236,-0.0502525548811959
hairfollicle21-e3-w17,Hair follicle,DT,T>G,1,34,0.029411764705882353,0.0674220183295623,-0.03801025362367994
hairfollicle21-e3-w8,Hair follicle,DT,C>A,3,49,0.061224489795918366,0.08978514395417402,-0.02856065415825565
hairfollicle21-e3-w8,Hair follicle,DT,C>G,7,49,0.14285714285714285,0.08661658345435998,0.05624055940278287
hairfollicle21-e3-w8,Hair follicle,DT,C>T,20,49,0.40816326530612246,0.35611859779471805,0.05204466751140441
hairfollicle21-e3-w8,Hair follicle,DT,T>A,1,49,0.02040816326530612,0.1439227486448133,-0.12351458537950719
hairfollicle21-e3-w8,Hair follicle,DT,T>C,14,49,0.2857142857142857,0.25613490782237236,0.02957937789191334
hairfollicle21-e3-w8,Hair follicle,DT,T>G,4,49,0.08163265306122448,0.0674220183295623,0.014210634731662189
hairfollicle21-e4-w14,Hair follicle,DT,C>A,16,106,0.1509433962264151,0.08978514395417402,0.06115825227224107
hairfollicle21-e4-w14,Hair follicle,DT,C>G,9,106,0.08490566037735849,0.08661658345435998,-0.0017109230770014916
hairfollicle21-e4-w14,Hair follicle,DT,C>T,34,106,0.32075471698113206,0.35611859779471805,-0.03536388081358599
hairfollicle21-e4-w14,Hair follicle,DT,T>A,13,106,0.12264150943396226,0.1439227486448133,-0.02128123921085104
hairfollicle21-e4-w14,Hair follicle,DT,T>C,27,106,0.25471698113207547,0.25613490782237236,-0.001417926690296889
hairfollicle21-e4-w14,Hair follicle,DT,T>G,7,106,0.0660377358490566,0.0674220183295623,-0.0013842824805056914
hairfollicle21-e4-w17,Hair follicle,DT,C>A,2,10,0.2,0.08978514395417402,0.110214856045826
hairfollicle21-e4-w17,Hair follicle,DT,C>G,1,10,0.1,0.08661658345435998,0.013383416545640028
hairfollicle21-e4-w17,Hair follicle,DT,C>T,1,10,0.1,0.35611859779471805,-0.256118597794718
hairfollicle21-e4-w17,Hair follicle,DT,T>A,1,10,0.1,0.1439227486448133,-0.0439227486448133
hairfollicle21-e4-w17,Hair follicle,DT,T>C,4,10,0.4,0.25613490782237236,0.14386509217762766
hairfollicle21-e4-w17,Hair follicle,DT,T>G,1,10,0.1,0.0674220183295623,0.03257798167043771
hairfollicle21-e4-w8,Hair follicle,DT,C>A,4,39,0.10256410256410256,0.08978514395417402,0.012778958609928545
hairfollicle21-e4-w8,Hair follicle,DT,C>G,7,39,0.1794871794871795,0.08661658345435998,0.09287059603281951
hairfollicle21-e4-w8,Hair follicle,DT,C>T,10,39,0.2564102564102564,0.35611859779471805,-0.09970834138446166
hairfollicle21-e4-w8,Hair follicle,DT,T>A,0,39,0,0.1439227486448133,-0.1439227486448133
hairfollicle21-e4-w8,Hair follicle,DT,T>C,14,39,0.358974358974359,0.25613490782237236,0.10283945115198662
hairfollicle21-e4-w8,Hair follicle,DT,T>G,4,39,0.10256410256410256,0.0674220183295623,0.035142084234540266
hairfollicle21-e5-w17,Hair follicle,DT,C>A,13,94,0.13829787234042554,0.08978514395417402,0.04851272838625152
hairfollicle21-e5-w17,Hair follicle,DT,C>G,6,94,0.06382978723404255,0.08661658345435998,-0.02278679622031743
hairfollicle21-e5-w17,Hair follicle,DT,C>T,24,94,0.2553191489361702,0.35611859779471805,-0.10079944885854786
hairfollicle21-e5-w17,Hair follicle,DT,T>A,27,94,0.2872340425531915,0.1439227486448133,0.1433112939083782
hairfollicle21-e5-w17,Hair follicle,DT,T>C,21,94,0.22340425531914893,0.25613490782237236,-0.032730652503223434
hairfollicle21-e5-w17,Hair follicle,DT,T>G,3,94,0.031914893617021274,0.0674220183295623,-0.03550712471254102
hairfollicle21-e6-w17,Hair follicle,DT,C>A,2,29,0.06896551724137931,0.08978514395417402,-0.020819626712794706
hairfollicle21-e6-w17,Hair follicle,DT,C>G,2,29,0.06896551724137931,0.08661658345435998,-0.017651066212980668
hairfollicle21-e6-w17,Hair follicle,DT,C>T,11,29,0.3793103448275862,0.35611859779471805,0.023191747032868137
hairfollicle21-e6-w17,Hair follicle,DT,T>A,5,29,0.1724137931034483,0.1439227486448133,0.028491044458634984
hairfollicle21-e6-w17,Hair follicle,DT,T>C,8,29,0.27586206896551724,0.25613490782237236,0.019727161143144878
hairfollicle21-e6-w17,Hair follicle,DT,T>G,1,29,0.034482758620689655,0.0674220183295623,-0.03293925970887264
hairfollicle21-f1-w14,Hair follicle,DT,C>A,12,102,0.11764705882352941,0.08978514395417402,0.027861914869355395
hairfollicle21-f1-w14,Hair follicle,DT,C>G,8,102,0.0784313725490196,0.08661658345435998,-0.00818521090534037
hairfollicle21-f1-w14,Hair follicle,DT,C>T,34,102,0.3333333333333333,0.35611859779471805,-0.022785264461384735
hairfollicle21-f1-w14,Hair follicle,DT,T>A,18,102,0.17647058823529413,0.1439227486448133,0.032547839590480826
hairfollicle21-f1-w14,Hair follicle,DT,T>C,25,102,0.24509803921568626,0.25613490782237236,-0.011036868606686095
hairfollicle21-f1-w14,Hair follicle,DT,T>G,5,102,0.049019607843137254,0.0674220183295623,-0.01840241048642504
hairfollicle21-f1-w17,Hair follicle,DT,C>A,5,39,0.1282051282051282,0.08978514395417402,0.03841998425095418
hairfollicle21-f1-w17,Hair follicle,DT,C>G,3,39,0.07692307692307693,0.08661658345435998,-0.00969350653128305
hairfollicle21-f1-w17,Hair follicle,DT,C>T,13,39,0.3333333333333333,0.35611859779471805,-0.022785264461384735
hairfollicle21-f1-w17,Hair follicle,DT,T>A,3,39,0.07692307692307693,0.1439227486448133,-0.06699967172173638
hairfollicle21-f1-w17,Hair follicle,DT,T>C,12,39,0.3076923076923077,0.25613490782237236,0.05155739986993535
hairfollicle21-f1-w17,Hair follicle,DT,T>G,3,39,0.07692307692307693,0.0674220183295623,0.009501058593514633
hairfollicle21-f1-w8,Hair follicle,DT,C>A,55,410,0.13414634146341464,0.08978514395417402,0.04436119750924063
hairfollicle21-f1-w8,Hair follicle,DT,C>G,28,410,0.06829268292682927,0.08661658345435998,-0.018323900527530704
hairfollicle21-f1-w8,Hair follicle,DT,C>T,130,410,0.3170731707317073,0.35611859779471805,-0.03904542706301073
hairfollicle21-f1-w8,Hair follicle,DT,T>A,23,410,0.05609756097560976,0.1439227486448133,-0.08782518766920355
hairfollicle21-f1-w8,Hair follicle,DT,T>C,146,410,0.35609756097560974,0.25613490782237236,0.09996265315323738
hairfollicle21-f1-w8,Hair follicle,DT,T>G,28,410,0.06829268292682927,0.0674220183295623,8.706645972669791e-4
hairfollicle21-f2-w14,Hair follicle,DT,C>A,14,82,0.17073170731707318,0.08978514395417402,0.08094656336289917
hairfollicle21-f2-w14,Hair follicle,DT,C>G,9,82,0.10975609756097561,0.08661658345435998,0.023139514106615633
hairfollicle21-f2-w14,Hair follicle,DT,C>T,24,82,0.2926829268292683,0.35611859779471805,-0.06343567096544978
hairfollicle21-f2-w14,Hair follicle,DT,T>A,9,82,0.10975609756097561,0.1439227486448133,-0.03416665108383769
hairfollicle21-f2-w14,Hair follicle,DT,T>C,16,82,0.1951219512195122,0.25613490782237236,-0.06101295660286016
hairfollicle21-f2-w14,Hair follicle,DT,T>G,10,82,0.12195121951219512,0.0674220183295623,0.054529201182632825
hairfollicle21-f2-w17,Hair follicle,DT,C>A,9,52,0.17307692307692307,0.08978514395417402,0.08329177912274906
hairfollicle21-f2-w17,Hair follicle,DT,C>G,7,52,0.1346153846153846,0.08661658345435998,0.04799880116102463
hairfollicle21-f2-w17,Hair follicle,DT,C>T,12,52,0.23076923076923078,0.35611859779471805,-0.12534936702548727
hairfollicle21-f2-w17,Hair follicle,DT,T>A,5,52,0.09615384615384616,0.1439227486448133,-0.047768902490967144
hairfollicle21-f2-w17,Hair follicle,DT,T>C,17,52,0.3269230769230769,0.25613490782237236,0.07078816910070457
hairfollicle21-f2-w17,Hair follicle,DT,T>G,2,52,0.038461538461538464,0.0674220183295623,-0.02896047986802383
hairfollicle21-f2-w19,Hair follicle,DT,C>A,3,51,0.058823529411764705,0.08978514395417402,-0.03096161454240931
hairfollicle21-f2-w19,Hair follicle,DT,C>G,3,51,0.058823529411764705,0.08661658345435998,-0.027793054042595272
hairfollicle21-f2-w19,Hair follicle,DT,C>T,20,51,0.39215686274509803,0.35611859779471805,0.036038264950379983
hairfollicle21-f2-w19,Hair follicle,DT,T>A,4,51,0.0784313725490196,0.1439227486448133,-0.0654913760957937
hairfollicle21-f2-w19,Hair follicle,DT,T>C,17,51,0.3333333333333333,0.25613490782237236,0.07719842551096096
hairfollicle21-f2-w19,Hair follicle,DT,T>G,4,51,0.0784313725490196,0.0674220183295623,0.011009354219457312
hairfollicle21-f3-w17,Hair follicle,DT,C>A,6,24,0.25,0.08978514395417402,0.16021485604582597
hairfollicle21-f3-w17,Hair follicle,DT,C>G,1,24,0.041666666666666664,0.08661658345435998,-0.04494991678769331
hairfollicle21-f3-w17,Hair follicle,DT,C>T,10,24,0.4166666666666667,0.35611859779471805,0.060548068871948635
hairfollicle21-f3-w17,Hair follicle,DT,T>A,4,24,0.16666666666666666,0.1439227486448133,0.022743918021853354
hairfollicle21-f3-w17,Hair follicle,DT,T>C,2,24,0.08333333333333333,0.25613490782237236,-0.17280157448903904
hairfollicle21-f3-w17,Hair follicle,DT,T>G,1,24,0.041666666666666664,0.0674220183295623,-0.02575535166289563
hairfollicle21-f3-w8,Hair follicle,DT,C>A,3,34,0.08823529411764706,0.08978514395417402,-0.0015498498365269509
hairfollicle21-f3-w8,Hair follicle,DT,C>G,7,34,0.20588235294117646,0.08661658345435998,0.11926576948681648
hairfollicle21-f3-w8,Hair follicle,DT,C>T,10,34,0.29411764705882354,0.35611859779471805,-0.06200095073589451
hairfollicle21-f3-w8,Hair follicle,DT,T>A,4,34,0.11764705882352941,0.1439227486448133,-0.026275689821283893
hairfollicle21-f3-w8,Hair follicle,DT,T>C,8,34,0.23529411764705882,0.25613490782237236,-0.02084079017531354
hairfollicle21-f3-w8,Hair follicle,DT,T>G,2,34,0.058823529411764705,0.0674220183295623,-0.00859848891779759
hairfollicle21-f4-w17,Hair follicle,DT,C>A,8,100,0.08,0.08978514395417402,-0.009785143954174014
hairfollicle21-f4-w17,Hair follicle,DT,C>G,11,100,0.11,0.08661658345435998,0.023383416545640023
hairfollicle21-f4-w17,Hair follicle,DT,C>T,31,100,0.31,0.35611859779471805,-0.04611859779471805
hairfollicle21-f4-w17,Hair follicle,DT,T>A,26,100,0.26,0.1439227486448133,0.1160772513551867
hairfollicle21-f4-w17,Hair follicle,DT,T>C,20,100,0.2,0.25613490782237236,-0.05613490782237235
hairfollicle21-f4-w17,Hair follicle,DT,T>G,4,100,0.04,0.0674220183295623,-0.027422018329562294
hairfollicle21-f4-w19,Hair follicle,DT,C>A,4,24,0.16666666666666666,0.08978514395417402,0.07688152271249264
hairfollicle21-f4-w19,Hair follicle,DT,C>G,2,24,0.08333333333333333,0.08661658345435998,-0.0032832501210266485
hairfollicle21-f4-w19,Hair follicle,DT,C>T,6,24,0.25,0.35611859779471805,-0.10611859779471805
hairfollicle21-f4-w19,Hair follicle,DT,T>A,1,24,0.041666666666666664,0.1439227486448133,-0.10225608197814665
hairfollicle21-f4-w19,Hair follicle,DT,T>C,11,24,0.4583333333333333,0.25613490782237236,0.20219842551096096
hairfollicle21-f4-w19,Hair follicle,DT,T>G,0,24,0,0.0674220183295623,-0.0674220183295623
hairfollicle21-f4-w8,Hair follicle,DT,C>A,11,49,0.22448979591836735,0.08978514395417402,0.13470465196419334
hairfollicle21-f4-w8,Hair follicle,DT,C>G,6,49,0.12244897959183673,0.08661658345435998,0.035832396137476755
hairfollicle21-f4-w8,Hair follicle,DT,C>T,14,49,0.2857142857142857,0.35611859779471805,-0.07040431208043235
hairfollicle21-f4-w8,Hair follicle,DT,T>A,3,49,0.061224489795918366,0.1439227486448133,-0.08269825884889494
hairfollicle21-f4-w8,Hair follicle,DT,T>C,12,49,0.24489795918367346,0.25613490782237236,-0.011236948638698896
hairfollicle21-f4-w8,Hair follicle,DT,T>G,3,49,0.061224489795918366,0.0674220183295623,-0.006197528533643928
hairfollicle21-f5-w17,Hair follicle,DT,C>A,2,46,0.043478260869565216,0.08978514395417402,-0.0463068830846088
hairfollicle21-f5-w17,Hair follicle,DT,C>G,11,46,0.2391304347826087,0.08661658345435998,0.15251385132824874
hairfollicle21-f5-w17,Hair follicle,DT,C>T,18,46,0.391304347826087,0.35611859779471805,0.03518575003136892
hairfollicle21-f5-w17,Hair follicle,DT,T>A,7,46,0.15217391304347827,0.1439227486448133,0.008251164398664967
hairfollicle21-f5-w17,Hair follicle,DT,T>C,7,46,0.15217391304347827,0.25613490782237236,-0.10396099477889409
hairfollicle21-f5-w17,Hair follicle,DT,T>G,1,46,0.021739130434782608,0.0674220183295623,-0.045682887894779686
hairfollicle21-f6-w14,Hair follicle,DT,C>A,6,66,0.09090909090909091,0.08978514395417402,0.0011239469549168962
hairfollicle21-f6-w14,Hair follicle,DT,C>G,4,66,0.06060606060606061,0.08661658345435998,-0.02601052284829937
hairfollicle21-f6-w14,Hair follicle,DT,C>T,22,66,0.3333333333333333,0.35611859779471805,-0.022785264461384735
hairfollicle21-f6-w14,Hair follicle,DT,T>A,11,66,0.16666666666666666,0.1439227486448133,0.022743918021853354
hairfollicle21-f6-w14,Hair follicle,DT,T>C,21,66,0.3181818181818182,0.25613490782237236,0.06204691035944582
hairfollicle21-f6-w14,Hair follicle,DT,T>G,2,66,0.030303030303030304,0.0674220183295623,-0.03711898802653199
hairfollicle21-f6-w17,Hair follicle,DT,C>A,16,179,0.0893854748603352,0.08978514395417402,-3.99669093838817e-4
hairfollicle21-f6-w17,Hair follicle,DT,C>G,11,179,0.061452513966480445,0.08661658345435998,-0.025164069487879533
hairfollicle21-f6-w17,Hair follicle,DT,C>T,60,179,0.33519553072625696,0.35611859779471805,-0.020923067068461088
hairfollicle21-f6-w17,Hair follicle,DT,T>A,22,179,0.12290502793296089,0.1439227486448133,-0.021017720711852414
hairfollicle21-f6-w17,Hair follicle,DT,T>C,59,179,0.329608938547486,0.25613490782237236,0.07347403072511366
hairfollicle21-f6-w17,Hair follicle,DT,T>G,11,179,0.061452513966480445,0.0674220183295623,-0.00596950436308185
hairfollicle21-f6-w19,Hair follicle,DT,C>A,12,93,0.12903225806451613,0.08978514395417402,0.03924711411034211
hairfollicle21-f6-w19,Hair follicle,DT,C>G,6,93,0.06451612903225806,0.08661658345435998,-0.022100454422101914
hairfollicle21-f6-w19,Hair follicle,DT,C>T,31,93,0.3333333333333333,0.35611859779471805,-0.022785264461384735
hairfollicle21-f6-w19,Hair follicle,DT,T>A,15,93,0.16129032258064516,0.1439227486448133,0.017367573935831854
hairfollicle21-f6-w19,Hair follicle,DT,T>C,23,93,0.24731182795698925,0.25613490782237236,-0.00882307986538311
hairfollicle21-f6-w19,Hair follicle,DT,T>G,6,93,0.06451612903225806,0.0674220183295623,-0.0029058892973042316
hairfollicle21-f6-w8,Hair follicle,DT,C>A,17,194,0.08762886597938144,0.08978514395417402,-0.002156277974792578
hairfollicle21-f6-w8,Hair follicle,DT,C>G,12,194,0.061855670103092786,0.08661658345435998,-0.02476091335126719
hairfollicle21-f6-w8,Hair follicle,DT,C>T,70,194,0.36082474226804123,0.35611859779471805,0.004706144473323182
hairfollicle21-f6-w8,Hair follicle,DT,T>A,17,194,0.08762886597938144,0.1439227486448133,-0.056293882665431866
hairfollicle21-f6-w8,Hair follicle,DT,T>C,70,194,0.36082474226804123,0.25613490782237236,0.10468983444566887
hairfollicle21-f6-w8,Hair follicle,DT,T>G,8,194,0.041237113402061855,0.0674220183295623,-0.02618490492750044
hairfollicle21-f7-w14,Hair follicle,DT,C>A,4,26,0.15384615384615385,0.08978514395417402,0.06406100989197984
hairfollicle21-f7-w14,Hair follicle,DT,C>G,0,26,0,0.08661658345435998,-0.08661658345435998
hairfollicle21-f7-w14,Hair follicle,DT,C>T,10,26,0.38461538461538464,0.35611859779471805,0.028496786820666586
hairfollicle21-f7-w14,Hair follicle,DT,T>A,2,26,0.07692307692307693,0.1439227486448133,-0.06699967172173638
hairfollicle21-f7-w14,Hair follicle,DT,T>C,8,26,0.3076923076923077,0.25613490782237236,0.05155739986993535
hairfollicle21-f7-w14,Hair follicle,DT,T>G,2,26,0.07692307692307693,0.0674220183295623,0.009501058593514633
hairfollicle21-f7-w17,Hair follicle,DT,C>A,2,16,0.125,0.08978514395417402,0.035214856045825985
hairfollicle21-f7-w17,Hair follicle,DT,C>G,4,16,0.25,0.08661658345435998,0.16338341654564004
hairfollicle21-f7-w17,Hair follicle,DT,C>T,0,16,0,0.35611859779471805,-0.35611859779471805
hairfollicle21-f7-w17,Hair follicle,DT,T>A,3,16,0.1875,0.1439227486448133,0.0435772513551867
hairfollicle21-f7-w17,Hair follicle,DT,T>C,5,16,0.3125,0.25613490782237236,0.05636509217762764
hairfollicle21-f7-w17,Hair follicle,DT,T>G,2,16,0.125,0.0674220183295623,0.057577981670437706
hairfollicle21-f7-w19,Hair follicle,DT,C>A,1,17,0.058823529411764705,0.08978514395417402,-0.03096161454240931
hairfollicle21-f7-w19,Hair follicle,DT,C>G,4,17,0.23529411764705882,0.08661658345435998,0.14867753419269886
hairfollicle21-f7-w19,Hair follicle,DT,C>T,5,17,0.29411764705882354,0.35611859779471805,-0.06200095073589451
hairfollicle21-f7-w19,Hair follicle,DT,T>A,0,17,0,0.1439227486448133,-0.1439227486448133
hairfollicle21-f7-w19,Hair follicle,DT,T>C,6,17,0.35294117647058826,0.25613490782237236,0.0968062686482159
hairfollicle21-f7-w19,Hair follicle,DT,T>G,1,17,0.058823529411764705,0.0674220183295623,-0.00859848891779759
hairfollicle21-f7-w8,Hair follicle,DT,C>A,1,12,0.08333333333333333,0.08978514395417402,-0.006451810620840687
hairfollicle21-f7-w8,Hair follicle,DT,C>G,2,12,0.16666666666666666,0.08661658345435998,0.08005008321230668
hairfollicle21-f7-w8,Hair follicle,DT,C>T,2,12,0.16666666666666666,0.35611859779471805,-0.1894519311280514
hairfollicle21-f7-w8,Hair follicle,DT,T>A,1,12,0.08333333333333333,0.1439227486448133,-0.060589415311479974
hairfollicle21-f7-w8,Hair follicle,DT,T>C,5,12,0.4166666666666667,0.25613490782237236,0.16053175884429433
hairfollicle21-f7-w8,Hair follicle,DT,T>G,1,12,0.08333333333333333,0.0674220183295623,0.015911315003771034
hairfollicle21-g1-w14,Hair follicle,DT,C>A,10,81,0.12345679012345678,0.08978514395417402,0.03367164616928277
hairfollicle21-g1-w14,Hair follicle,DT,C>G,10,81,0.12345679012345678,0.08661658345435998,0.036840206669096806
hairfollicle21-g1-w14,Hair follicle,DT,C>T,27,81,0.3333333333333333,0.35611859779471805,-0.022785264461384735
hairfollicle21-g1-w14,Hair follicle,DT,T>A,6,81,0.07407407407407407,0.1439227486448133,-0.06984867457073923
hairfollicle21-g1-w14,Hair follicle,DT,T>C,22,81,0.2716049382716049,0.25613490782237236,0.015470030449232564
hairfollicle21-g1-w14,Hair follicle,DT,T>G,6,81,0.07407407407407407,0.0674220183295623,0.006652055744511776
hairfollicle21-g1-w17,Hair follicle,DT,C>A,6,45,0.13333333333333333,0.08978514395417402,0.043548189379159316
hairfollicle21-g1-w17,Hair follicle,DT,C>G,4,45,0.08888888888888889,0.08661658345435998,0.002272305434528915
hairfollicle21-g1-w17,Hair follicle,DT,C>T,14,45,0.3111111111111111,0.35611859779471805,-0.045007486683606934
hairfollicle21-g1-w17,Hair follicle,DT,T>A,4,45,0.08888888888888889,0.1439227486448133,-0.05503385975592441
hairfollicle21-g1-w17,Hair follicle,DT,T>C,14,45,0.3111111111111111,0.25613490782237236,0.054976203288738756
hairfollicle21-g1-w17,Hair follicle,DT,T>G,3,45,0.06666666666666667,0.0674220183295623,-7.553516628956286e-4
hairfollicle21-g1-w8,Hair follicle,DT,C>A,20,203,0.09852216748768473,0.08978514395417402,0.008737023533510718
hairfollicle21-g1-w8,Hair follicle,DT,C>G,16,203,0.07881773399014778,0.08661658345435998,-0.007798849464212193
hairfollicle21-g1-w8,Hair follicle,DT,C>T,63,203,0.3103448275862069,0.35611859779471805,-0.045773770208511144
hairfollicle21-g1-w8,Hair follicle,DT,T>A,24,203,0.11822660098522167,0.1439227486448133,-0.025696147659591634
hairfollicle21-g1-w8,Hair follicle,DT,T>C,61,203,0.30049261083743845,0.25613490782237236,0.044357703015066086
hairfollicle21-g1-w8,Hair follicle,DT,T>G,19,203,0.09359605911330049,0.0674220183295623,0.026174040783738195
hairfollicle21-g2-w14,Hair follicle,DT,C>A,6,49,0.12244897959183673,0.08978514395417402,0.032663835637662716
hairfollicle21-g2-w14,Hair follicle,DT,C>G,5,49,0.10204081632653061,0.08661658345435998,0.015424232872170637
hairfollicle21-g2-w14,Hair follicle,DT,C>T,16,49,0.32653061224489793,0.35611859779471805,-0.029587985549820117
hairfollicle21-g2-w14,Hair follicle,DT,T>A,6,49,0.12244897959183673,0.1439227486448133,-0.02147376905297657
hairfollicle21-g2-w14,Hair follicle,DT,T>C,12,49,0.24489795918367346,0.25613490782237236,-0.011236948638698896
hairfollicle21-g2-w14,Hair follicle,DT,T>G,4,49,0.08163265306122448,0.0674220183295623,0.014210634731662189
hairfollicle21-g2-w17,Hair follicle,DT,C>A,10,49,0.20408163265306123,0.08978514395417402,0.11429648869888721
hairfollicle21-g2-w17,Hair follicle,DT,C>G,3,49,0.061224489795918366,0.08661658345435998,-0.02539209365844161
hairfollicle21-g2-w17,Hair follicle,DT,C>T,13,49,0.2653061224489796,0.35611859779471805,-0.09081247534573844
hairfollicle21-g2-w17,Hair follicle,DT,T>A,5,49,0.10204081632653061,0.1439227486448133,-0.04188193231828269
hairfollicle21-g2-w17,Hair follicle,DT,T>C,14,49,0.2857142857142857,0.25613490782237236,0.02957937789191334
hairfollicle21-g2-w17,Hair follicle,DT,T>G,4,49,0.08163265306122448,0.0674220183295623,0.014210634731662189
hairfollicle21-g2-w19,Hair follicle,DT,C>A,7,55,0.12727272727272726,0.08978514395417402,0.037487583318553244
hairfollicle21-g2-w19,Hair follicle,DT,C>G,5,55,0.09090909090909091,0.08661658345435998,0.004292507454730934
hairfollicle21-g2-w19,Hair follicle,DT,C>T,18,55,0.32727272727272727,0.35611859779471805,-0.02884587052199078
hairfollicle21-g2-w19,Hair follicle,DT,T>A,11,55,0.2,0.1439227486448133,0.05607725135518671
hairfollicle21-g2-w19,Hair follicle,DT,T>C,12,55,0.21818181818181817,0.25613490782237236,-0.03795308964055419
hairfollicle21-g2-w19,Hair follicle,DT,T>G,2,55,0.03636363636363636,0.0674220183295623,-0.031058381965925932
hairfollicle21-g2-w8,Hair follicle,DT,C>A,0,13,0,0.08978514395417402,-0.08978514395417402
hairfollicle21-g2-w8,Hair follicle,DT,C>G,2,13,0.15384615384615385,0.08661658345435998,0.06722957039179388
hairfollicle21-g2-w8,Hair follicle,DT,C>T,3,13,0.23076923076923078,0.35611859779471805,-0.12534936702548727
hairfollicle21-g2-w8,Hair follicle,DT,T>A,0,13,0,0.1439227486448133,-0.1439227486448133
hairfollicle21-g2-w8,Hair follicle,DT,T>C,5,13,0.38461538461538464,0.25613490782237236,0.12848047679301228
hairfollicle21-g2-w8,Hair follicle,DT,T>G,3,13,0.23076923076923078,0.0674220183295623,0.1633472124396685
hairfollicle21-g3-w14,Hair follicle,DT,C>A,9,34,0.2647058823529412,0.08978514395417402,0.17492073839876715
hairfollicle21-g3-w14,Hair follicle,DT,C>G,4,34,0.11764705882352941,0.08661658345435998,0.031030475369169433
hairfollicle21-g3-w14,Hair follicle,DT,C>T,9,34,0.2647058823529412,0.35611859779471805,-0.09141271544177687
hairfollicle21-g3-w14,Hair follicle,DT,T>A,3,34,0.08823529411764706,0.1439227486448133,-0.05568745452716624
hairfollicle21-g3-w14,Hair follicle,DT,T>C,9,34,0.2647058823529412,0.25613490782237236,0.00857097453056882
hairfollicle21-g3-w14,Hair follicle,DT,T>G,0,34,0,0.0674220183295623,-0.0674220183295623
hairfollicle21-g3-w17,Hair follicle,DT,C>A,7,56,0.125,0.08978514395417402,0.035214856045825985
hairfollicle21-g3-w17,Hair follicle,DT,C>G,4,56,0.07142857142857142,0.08661658345435998,-0.015188012025788553
hairfollicle21-g3-w17,Hair follicle,DT,C>T,15,56,0.26785714285714285,0.35611859779471805,-0.0882614549375752
hairfollicle21-g3-w17,Hair follicle,DT,T>A,4,56,0.07142857142857142,0.1439227486448133,-0.07249417721624188
hairfollicle21-g3-w17,Hair follicle,DT,T>C,17,56,0.30357142857142855,0.25613490782237236,0.04743652074905619
hairfollicle21-g3-w17,Hair follicle,DT,T>G,9,56,0.16071428571428573,0.0674220183295623,0.09329226738472343
hairfollicle21-g3-w8,Hair follicle,DT,C>A,1,13,0.07692307692307693,0.08978514395417402,-0.012862067031097088
hairfollicle21-g3-w8,Hair follicle,DT,C>G,3,13,0.23076923076923078,0.08661658345435998,0.14415264731487082
hairfollicle21-g3-w8,Hair follicle,DT,C>T,0,13,0,0.35611859779471805,-0.35611859779471805
hairfollicle21-g3-w8,Hair follicle,DT,T>A,1,13,0.07692307692307693,0.1439227486448133,-0.06699967172173638
hairfollicle21-g3-w8,Hair follicle,DT,T>C,7,13,0.5384615384615384,0.25613490782237236,0.2823266306391661
hairfollicle21-g3-w8,Hair follicle,DT,T>G,1,13,0.07692307692307693,0.0674220183295623,0.009501058593514633
hairfollicle21-g4-w14,Hair follicle,DT,C>A,5,58,0.08620689655172414,0.08978514395417402,-0.0035782474024498717
hairfollicle21-g4-w14,Hair follicle,DT,C>G,1,58,0.017241379310344827,0.08661658345435998,-0.06937520414401516
hairfollicle21-g4-w14,Hair follicle,DT,C>T,23,58,0.39655172413793105,0.35611859779471805,0.040433126343213
hairfollicle21-g4-w14,Hair follicle,DT,T>A,5,58,0.08620689655172414,0.1439227486448133,-0.05771585209308916
hairfollicle21-g4-w14,Hair follicle,DT,T>C,16,58,0.27586206896551724,0.25613490782237236,0.019727161143144878
hairfollicle21-g4-w14,Hair follicle,DT,T>G,8,58,0.13793103448275862,0.0674220183295623,0.07050901615319632
hairfollicle21-g4-w17,Hair follicle,DT,C>A,5,38,0.13157894736842105,0.08978514395417402,0.04179380341424703
hairfollicle21-g4-w17,Hair follicle,DT,C>G,2,38,0.05263157894736842,0.08661658345435998,-0.03398500450699156
hairfollicle21-g4-w17,Hair follicle,DT,C>T,11,38,0.2894736842105263,0.35611859779471805,-0.06664491358419172
hairfollicle21-g4-w17,Hair follicle,DT,T>A,0,38,0,0.1439227486448133,-0.1439227486448133
hairfollicle21-g4-w17,Hair follicle,DT,T>C,17,38,0.4473684210526316,0.25613490782237236,0.19123351323025922
hairfollicle21-g4-w17,Hair follicle,DT,T>G,3,38,0.07894736842105263,0.0674220183295623,0.011525350091490333
hairfollicle21-g4-w8,Hair follicle,DT,C>A,2,32,0.0625,0.08978514395417402,-0.027285143954174015
hairfollicle21-g4-w8,Hair follicle,DT,C>G,5,32,0.15625,0.08661658345435998,0.06963341654564002
hairfollicle21-g4-w8,Hair follicle,DT,C>T,10,32,0.3125,0.35611859779471805,-0.04361859779471805
hairfollicle21-g4-w8,Hair follicle,DT,T>A,2,32,0.0625,0.1439227486448133,-0.0814227486448133
hairfollicle21-g4-w8,Hair follicle,DT,T>C,10,32,0.3125,0.25613490782237236,0.05636509217762764
hairfollicle21-g4-w8,Hair follicle,DT,T>G,3,32,0.09375,0.0674220183295623,0.026327981670437706
hairfollicle21-g5-w17,Hair follicle,DT,C>A,4,44,0.09090909090909091,0.08978514395417402,0.0011239469549168962
hairfollicle21-g5-w17,Hair follicle,DT,C>G,4,44,0.09090909090909091,0.08661658345435998,0.004292507454730934
hairfollicle21-g5-w17,Hair follicle,DT,C>T,16,44,0.36363636363636365,0.35611859779471805,0.007517765841645596
hairfollicle21-g5-w17,Hair follicle,DT,T>A,1,44,0.022727272727272728,0.1439227486448133,-0.12119547591754057
hairfollicle21-g5-w17,Hair follicle,DT,T>C,15,44,0.3409090909090909,0.25613490782237236,0.08477418308671852
hairfollicle21-g5-w17,Hair follicle,DT,T>G,4,44,0.09090909090909091,0.0674220183295623,0.023487072579528617
hairfollicle21-g6-w17,Hair follicle,DT,C>A,5,21,0.23809523809523808,0.08978514395417402,0.14831009414106405
hairfollicle21-g6-w17,Hair follicle,DT,C>G,1,21,0.047619047619047616,0.08661658345435998,-0.03899753583531236
hairfollicle21-g6-w17,Hair follicle,DT,C>T,4,21,0.19047619047619047,0.35611859779471805,-0.16564240731852758
hairfollicle21-g6-w17,Hair follicle,DT,T>A,1,21,0.047619047619047616,0.1439227486448133,-0.09630370102576569
hairfollicle21-g6-w17,Hair follicle,DT,T>C,9,21,0.42857142857142855,0.25613490782237236,0.1724365207490562
hairfollicle21-g6-w17,Hair follicle,DT,T>G,1,21,0.047619047619047616,0.0674220183295623,-0.019802970710514678
hairfollicle21-g6-w19,Hair follicle,DT,C>A,15,96,0.15625,0.08978514395417402,0.06646485604582598
hairfollicle21-g6-w19,Hair follicle,DT,C>G,7,96,0.07291666666666667,0.08661658345435998,-0.013699916787693306
hairfollicle21-g6-w19,Hair follicle,DT,C>T,32,96,0.3333333333333333,0.35611859779471805,-0.022785264461384735
hairfollicle21-g6-w19,Hair follicle,DT,T>A,2,96,0.020833333333333332,0.1439227486448133,-0.12308941531147997
hairfollicle21-g6-w19,Hair follicle,DT,T>C,36,96,0.375,0.25613490782237236,0.11886509217762764
hairfollicle21-g6-w19,Hair follicle,DT,T>G,4,96,0.041666666666666664,0.0674220183295623,-0.02575535166289563
hairfollicle21-g7-w19,Hair follicle,DT,C>A,4,32,0.125,0.08978514395417402,0.035214856045825985
hairfollicle21-g7-w19,Hair follicle,DT,C>G,1,32,0.03125,0.08661658345435998,-0.05536658345435998
hairfollicle21-g7-w19,Hair follicle,DT,C>T,6,32,0.1875,0.35611859779471805,-0.16861859779471805
hairfollicle21-g7-w19,Hair follicle,DT,T>A,2,32,0.0625,0.1439227486448133,-0.0814227486448133
hairfollicle21-g7-w19,Hair follicle,DT,T>C,14,32,0.4375,0.25613490782237236,0.18136509217762764
hairfollicle21-g7-w19,Hair follicle,DT,T>G,5,32,0.15625,0.0674220183295623,0.0888279816704377
skin21-b5-w19,Skin,DT,C>A,11,125,0.088,0.14200181557792343,-0.05400181557792344
skin21-b5-w19,Skin,DT,C>G,9,125,0.072,0.08614336585154918,-0.014143365851549183
skin21-b5-w19,Skin,DT,C>T,55,125,0.44,0.30497538575318006,0.13502461424681994
skin21-b5-w19,Skin,DT,T>A,13,125,0.104,0.10989896265301641,-0.005898962653016412
skin21-b5-w19,Skin,DT,T>C,29,125,0.232,0.28087652728329754,-0.04887652728329753
skin21-b5-w19,Skin,DT,T>G,8,125,0.064,0.07610394288103338,-0.012103942881033378
skin21-b6-w19,Skin,DT,C>A,13,137,0.0948905109489051,0.14200181557792343,-0.04711130462901833
skin21-b6-w19,Skin,DT,C>G,12,137,0.08759124087591241,0.08614336585154918,0.001447875024363235
skin21-b6-w19,Skin,DT,C>T,63,137,0.45985401459854014,0.30497538575318006,0.15487862884536008
skin21-b6-w19,Skin,DT,T>A,14,137,0.10218978102189781,0.10989896265301641,-0.007709181631118597
skin21-b6-w19,Skin,DT,T>C,21,137,0.15328467153284672,0.28087652728329754,-0.12759185575045082
skin21-b6-w19,Skin,DT,T>G,14,137,0.10218978102189781,0.07610394288103338,0.02608583814086443
skin21-b7-w19,Skin,DT,C>A,14,95,0.14736842105263157,0.14200181557792343,0.00536660547470813
skin21-b7-w19,Skin,DT,C>G,13,95,0.1368421052631579,0.08614336585154918,0.050698739411608726
skin21-b7-w19,Skin,DT,C>T,37,95,0.3894736842105263,0.30497538575318006,0.08449829845734624
skin21-b7-w19,Skin,DT,T>A,11,95,0.11578947368421053,0.10989896265301641,0.005890511031194118
skin21-b7-w19,Skin,DT,T>C,15,95,0.15789473684210525,0.28087652728329754,-0.12298179044119228
skin21-b7-w19,Skin,DT,T>G,5,95,0.05263157894736842,0.07610394288103338,-0.02347236393366496
skin21-c5-w19,Skin,DT,C>A,13,120,0.10833333333333334,0.14200181557792343,-0.0336684822445901
skin21-c5-w19,Skin,DT,C>G,18,120,0.15,0.08614336585154918,0.06385663414845082
skin21-c5-w19,Skin,DT,C>T,51,120,0.425,0.30497538575318006,0.12002461424681993
skin21-c5-w19,Skin,DT,T>A,15,120,0.125,0.10989896265301641,0.015101037346983592
skin21-c5-w19,Skin,DT,T>C,15,120,0.125,0.28087652728329754,-0.15587652728329754
skin21-c5-w19,Skin,DT,T>G,8,120,0.06666666666666667,0.07610394288103338,-0.009437276214366713
skin21-c6-w19,Skin,DT,C>A,4,65,0.06153846153846154,0.14200181557792343,-0.08046335403946189
skin21-c6-w19,Skin,DT,C>G,9,65,0.13846153846153847,0.08614336585154918,0.05231817260998929
skin21-c6-w19,Skin,DT,C>T,20,65,0.3076923076923077,0.30497538575318006,0.002716921939127648
skin21-c6-w19,Skin,DT,T>A,16,65,0.24615384615384617,0.10989896265301641,0.13625488350082976
skin21-c6-w19,Skin,DT,T>C,9,65,0.13846153846153847,0.28087652728329754,-0.14241498882175907
skin21-c6-w19,Skin,DT,T>G,7,65,0.1076923076923077,0.07610394288103338,0.03158836481127432
skin21-c7-w19,Skin,DT,C>A,6,41,0.14634146341463414,0.14200181557792343,0.004339647836710703
skin21-c7-w19,Skin,DT,C>G,5,41,0.12195121951219512,0.08614336585154918,0.03580785366064594
skin21-c7-w19,Skin,DT,C>T,14,41,0.34146341463414637,0.30497538575318006,0.036488028880966306
skin21-c7-w19,Skin,DT,T>A,9,41,0.21951219512195122,0.10989896265301641,0.10961323246893481
skin21-c7-w19,Skin,DT,T>C,4,41,0.0975609756097561,0.28087652728329754,-0.18331555167354144
skin21-c7-w19,Skin,DT,T>G,3,41,0.07317073170731707,0.07610394288103338,-0.0029332111737163102
skin21-d1-w19,Skin,DT,C>A,18,139,0.12949640287769784,0.14200181557792343,-0.012505412700225593
skin21-d1-w19,Skin,DT,C>G,16,139,0.11510791366906475,0.08614336585154918,0.028964547817515576
skin21-d1-w19,Skin,DT,C>T,46,139,0.33093525179856115,0.30497538575318006,0.025959866045381086
skin21-d1-w19,Skin,DT,T>A,23,139,0.16546762589928057,0.10989896265301641,0.055568663246264166
skin21-d1-w19,Skin,DT,T>C,26,139,0.18705035971223022,0.28087652728329754,-0.09382616757106732
skin21-d1-w19,Skin,DT,T>G,10,139,0.07194244604316546,0.07610394288103338,-0.004161496837867915
skin21-d2-w19,Skin,DT,C>A,5,45,0.1111111111111111,0.14200181557792343,-0.03089070446681233
skin21-d2-w19,Skin,DT,C>G,7,45,0.15555555555555556,0.08614336585154918,0.06941218970400638
skin21-d2-w19,Skin,DT,C>T,16,45,0.35555555555555557,0.30497538575318006,0.05058016980237551
skin21-d2-w19,Skin,DT,T>A,7,45,0.15555555555555556,0.10989896265301641,0.04565659290253915
skin21-d2-w19,Skin,DT,T>C,5,45,0.1111111111111111,0.28087652728329754,-0.16976541617218643
skin21-d2-w19,Skin,DT,T>G,5,45,0.1111111111111111,0.07610394288103338,0.035007168230077726
skin21-d3-w19,Skin,DT,C>A,12,105,0.11428571428571428,0.14200181557792343,-0.027716101292209153
skin21-d3-w19,Skin,DT,C>G,13,105,0.12380952380952381,0.08614336585154918,0.037666157957974636
skin21-d3-w19,Skin,DT,C>T,44,105,0.41904761904761906,0.30497538575318006,0.114072233294439
skin21-d3-w19,Skin,DT,T>A,7,105,0.06666666666666667,0.10989896265301641,-0.04323229598634974
skin21-d3-w19,Skin,DT,T>C,21,105,0.2,0.28087652728329754,-0.08087652728329753
skin21-d3-w19,Skin,DT,T>G,8,105,0.0761904761904762,0.07610394288103338,8.653330944281834e-5
skin21-d4-w19,Skin,DT,C>A,9,102,0.08823529411764706,0.14200181557792343,-0.05376652146027637
skin21-d4-w19,Skin,DT,C>G,10,102,0.09803921568627451,0.08614336585154918,0.01189584983472533
skin21-d4-w19,Skin,DT,C>T,48,102,0.47058823529411764,0.30497538575318006,0.16561284954093758
skin21-d4-w19,Skin,DT,T>A,11,102,0.10784313725490197,0.10989896265301641,-0.0020558253981144414
skin21-d4-w19,Skin,DT,T>C,17,102,0.16666666666666666,0.28087652728329754,-0.11420986061663088
skin21-d4-w19,Skin,DT,T>G,7,102,0.06862745098039216,0.07610394288103338,-0.007476491900641216
skin21-e1-w19,Skin,DT,C>A,3,34,0.08823529411764706,0.14200181557792343,-0.05376652146027637
skin21-e1-w19,Skin,DT,C>G,5,34,0.14705882352941177,0.08614336585154918,0.06091545767786259
skin21-e1-w19,Skin,DT,C>T,15,34,0.4411764705882353,0.30497538575318006,0.13620108483505522
skin21-e1-w19,Skin,DT,T>A,3,34,0.08823529411764706,0.10989896265301641,-0.021663668535369343
skin21-e1-w19,Skin,DT,T>C,2,34,0.058823529411764705,0.28087652728329754,-0.22205299787153282
skin21-e1-w19,Skin,DT,T>G,6,34,0.17647058823529413,0.07610394288103338,0.10036664535426075
skin21-e2-w19,Skin,DT,C>A,2,32,0.0625,0.14200181557792343,-0.07950181557792343
skin21-e2-w19,Skin,DT,C>G,3,32,0.09375,0.08614336585154918,0.007606634148450822
skin21-e2-w19,Skin,DT,C>T,15,32,0.46875,0.30497538575318006,0.16377461424681994
skin21-e2-w19,Skin,DT,T>A,6,32,0.1875,0.10989896265301641,0.07760103734698359
skin21-e2-w19,Skin,DT,T>C,4,32,0.125,0.28087652728329754,-0.15587652728329754
skin21-e2-w19,Skin,DT,T>G,2,32,0.0625,0.07610394288103338,-0.013603942881033379
skin21-e3-w19,Skin,DT,C>A,5,28,0.17857142857142858,0.14200181557792343,0.03656961299350514
skin21-e3-w19,Skin,DT,C>G,6,28,0.21428571428571427,0.08614336585154918,0.1281423484341651
skin21-e3-w19,Skin,DT,C>T,10,28,0.35714285714285715,0.30497538575318006,0.05216747138967709
skin21-e3-w19,Skin,DT,T>A,1,28,0.03571428571428571,0.10989896265301641,-0.0741846769387307
skin21-e3-w19,Skin,DT,T>C,4,28,0.14285714285714285,0.28087652728329754,-0.1380193844261547
skin21-e3-w19,Skin,DT,T>G,2,28,0.07142857142857142,0.07610394288103338,-0.004675371452461954
skin21-e4-w19,Skin,DT,C>A,4,37,0.10810810810810811,0.14200181557792343,-0.03389370746981532
skin21-e4-w19,Skin,DT,C>G,10,37,0.2702702702702703,0.08614336585154918,0.1841269044187211
skin21-e4-w19,Skin,DT,C>T,11,37,0.2972972972972973,0.30497538575318006,-0.007678088455882748
skin21-e4-w19,Skin,DT,T>A,3,37,0.08108108108108109,0.10989896265301641,-0.028817881571935322
skin21-e4-w19,Skin,DT,T>C,5,37,0.13513513513513514,0.28087652728329754,-0.1457413921481624
skin21-e4-w19,Skin,DT,T>G,4,37,0.10810810810810811,0.07610394288103338,0.032004165227074735
skin21-f1-w19,Skin,DT,C>A,14,116,0.1206896551724138,0.14200181557792343,-0.021312160405509636
skin21-f1-w19,Skin,DT,C>G,16,116,0.13793103448275862,0.08614336585154918,0.05178766863120944
skin21-f1-w19,Skin,DT,C>T,39,116,0.33620689655172414,0.30497538575318006,0.031231510798544082
skin21-f1-w19,Skin,DT,T>A,12,116,0.10344827586206896,0.10989896265301641,-0.006450686790947444
skin21-f1-w19,Skin,DT,T>C,24,116,0.20689655172413793,0.28087652728329754,-0.07397997555915961
skin21-f1-w19,Skin,DT,T>G,11,116,0.09482758620689655,0.07610394288103338,0.018723643325863168
skin21-f3-w19,Skin,DT,C>A,3,29,0.10344827586206896,0.14200181557792343,-0.03855353971585447
skin21-f3-w19,Skin,DT,C>G,7,29,0.2413793103448276,0.08614336585154918,0.15523594449327843
skin21-f3-w19,Skin,DT,C>T,11,29,0.3793103448275862,0.30497538575318006,0.07433495907440613
skin21-f3-w19,Skin,DT,T>A,3,29,0.10344827586206896,0.10989896265301641,-0.006450686790947444
skin21-f3-w19,Skin,DT,T>C,4,29,0.13793103448275862,0.28087652728329754,-0.14294549280053892
skin21-f3-w19,Skin,DT,T>G,1,29,0.034482758620689655,0.07610394288103338,-0.041621184260343724
skin21-g1-w19,Skin,DT,C>A,10,99,0.10101010101010101,0.14200181557792343,-0.040991714567822427
skin21-g1-w19,Skin,DT,C>G,11,99,0.1111111111111111,0.08614336585154918,0.024967745259561927
skin21-g1-w19,Skin,DT,C>T,39,99,0.3939393939393939,0.30497538575318006,0.08896400818621386
skin21-g1-w19,Skin,DT,T>A,8,99,0.08080808080808081,0.10989896265301641,-0.029090881844935593
skin21-g1-w19,Skin,DT,T>C,20,99,0.20202020202020202,0.28087652728329754,-0.07885632526309552
skin21-g1-w19,Skin,DT,T>G,11,99,0.1111111111111111,0.07610394288103338,0.035007168230077726
skin21-g3-w19,Skin,DT,C>A,10,143,0.06993006993006994,0.14200181557792343,-0.0720717456478535
skin21-g3-w19,Skin,DT,C>G,17,143,0.11888111888111888,0.08614336585154918,0.0327377530295697
skin21-g3-w19,Skin,DT,C>T,70,143,0.48951048951048953,0.30497538575318006,0.18453510375730947
skin21-g3-w19,Skin,DT,T>A,6,143,0.04195804195804196,0.10989896265301641,-0.06794092069497445
skin21-g3-w19,Skin,DT,T>C,30,143,0.2097902097902098,0.28087652728329754,-0.07108631749308775
skin21-g3-w19,Skin,DT,T>G,10,143,0.06993006993006994,0.07610394288103338,-0.006173872950963444
skin21-g4-w19,Skin,DT,C>A,12,123,0.0975609756097561,0.14200181557792343,-0.044440839968167334
skin21-g4-w19,Skin,DT,C>G,19,123,0.15447154471544716,0.08614336585154918,0.06832817886389798
skin21-g4-w19,Skin,DT,C>T,41,123,0.3333333333333333,0.30497538575318006,0.028357947580153253
skin21-g4-w19,Skin,DT,T>A,19,123,0.15447154471544716,0.10989896265301641,0.044572582062430754
skin21-g4-w19,Skin,DT,T>C,19,123,0.15447154471544716,0.28087652728329754,-0.12640498256785038
skin21-g4-w19,Skin,DT,T>G,13,123,0.10569105691056911,0.07610394288103338,0.029587114029535733
skin21-pp-bc-w19,Skin,DT,C>A,9,130,0.06923076923076923,0.14200181557792343,-0.0727710463471542
skin21-pp-bc-w19,Skin,DT,C>G,9,130,0.06923076923076923,0.08614336585154918,-0.016912596620779943
skin21-pp-bc-w19,Skin,DT,C>T,48,130,0.36923076923076925,0.30497538575318006,0.06425538347758919
skin21-pp-bc-w19,Skin,DT,T>A,23,130,0.17692307692307693,0.10989896265301641,0.06702411427006053
skin21-pp-bc-w19,Skin,DT,T>C,22,130,0.16923076923076924,0.28087652728329754,-0.1116457580525283
skin21-pp-bc-w19,Skin,DT,T>G,19,130,0.14615384615384616,0.07610394288103338,0.07004990327281278
skin21-pp-de-w19,Skin,DT,C>A,13,132,0.09848484848484848,0.14200181557792343,-0.043516967093074954
skin21-pp-de-w19,Skin,DT,C>G,15,132,0.11363636363636363,0.08614336585154918,0.027492997784814455
skin21-pp-de-w19,Skin,DT,C>T,46,132,0.3484848484848485,0.30497538575318006,0.04350946273166845
skin21-pp-de-w19,Skin,DT,T>A,13,132,0.09848484848484848,0.10989896265301641,-0.011414114168167927
skin21-pp-de-w19,Skin,DT,T>C,36,132,0.2727272727272727,0.28087652728329754,-0.008149254556024832
skin21-pp-de-w19,Skin,DT,T>G,9,132,0.06818181818181818,0.07610394288103338,-0.007922124699215202
