plot_morphology,plot_week,mutation,mean_ratio,n_samples
SCC,Week 8,C>A,0.11470053320598861,8
SCC,Week 8,C>G,0.1232942564686601,8
SCC,Week 8,C>T,0.3103677842875627,8
SCC,Week 8,T>A,0.05044100015372718,8
SCC,Week 8,T>C,0.3257726431387654,8
SCC,Week 8,T>G,0.07542378274529603,8
SCC,Week 14,C>A,0.11921998732238348,5
SCC,Week 14,C>G,0.05866816865261719,5
SCC,Week 14,C>T,0.318905290053578,5
SCC,Week 14,T>A,0.1523704979619062,5
SCC,Week 14,T>C,0.2897253974763093,5
SCC,Week 14,T>G,0.0611106585332058,5
SCC,Week 17,C>A,0.15295880632954936,8
SCC,Week 17,C>G,0.11002753513686175,8
SCC,Week 17,C>T,0.30479094488672664,8
SCC,Week 17,T>A,0.10054826097105508,8
SCC,Week 17,T>C,0.26404721976509904,8
SCC,Week 17,T>G,0.06762723291070814,8
SCC,Skin,C>A,0.10885501383566468,7
SCC,Skin,C>G,0.1362847876434451,7
SCC,Skin,C>T,0.3627339088270659,7
SCC,Skin,T>A,0.13549314300464474,7
SCC,Skin,T>C,0.16290072939904748,7
SCC,Skin,T>G,0.09373241729013213,7
Papilloma,Week 8,C>A,0.12416240648352374,3
Papilloma,Week 8,C>G,0.0841391092087571,3
Papilloma,Week 8,C>T,0.3227665385402143,3
Papilloma,Week 8,T>A,0.05937013481093859,3
Papilloma,Week 8,T>C,0.3440562421204799,3
Papilloma,Week 8,T>G,0.0655055688360863,3
Papilloma,Week 14,C>A,0.10238735247393042,3
Papilloma,Week 14,C>G,0.07189652423907607,3
Papilloma,Week 14,C>T,0.3470703672553967,3
Papilloma,Week 14,T>A,0.18701715617561857,3
Papilloma,Week 14,T>C,0.23661944733037593,3
Papilloma,Week 14,T>G,0.05500915252560234,3
Papilloma,Week 17,C>A,0.12348604269293924,5
Papilloma,Week 17,C>G,0.11274274767378216,5
Papilloma,Week 17,C>T,0.27942939244663384,5
Papilloma,Week 17,T>A,0.19729912424740012,5
Papilloma,Week 17,T>C,0.21303010399562125,5
Papilloma,Week 17,T>G,0.07401258894362342,5
Papilloma,Skin,C>A,0.09563401510029299,4
Papilloma,Skin,C>G,0.13357385339193148,4
Papilloma,Skin,C>T,0.4004222306738787,4
Papilloma,Skin,T>A,0.1336847813838179,4
Papilloma,Skin,T>C,0.12545779806175344,4
Papilloma,Skin,T>G,0.11122732138832545,4
Visually normal,Week 8,C>A,0.09570020386183048,10
Visually normal,Week 8,C>G,0.12729279998994314,10
Visually normal,Week 8,C>T,0.27700389419073396,10
Visually normal,Week 8,T>A,0.06202953995600502,10
Visually normal,Week 8,T>C,0.3530711651830162,10
Visually normal,Week 8,T>G,0.08490239681847128,10
Visually normal,Week 14,C>A,0.14477805519568018,10
Visually normal,Week 14,C>G,0.08204269450612191,10
Visually normal,Week 14,C>T,0.3474541987004301,10
Visually normal,Week 14,T>A,0.08740034983363087,10
Visually normal,Week 14,T>C,0.26432070489022347,10
Visually normal,Week 14,T>G,0.07400399687391346,10
Visually normal,Week 17,C>A,0.12453007983539119,18
Visually normal,Week 17,C>G,0.11655980989207095,18
Visually normal,Week 17,C>T,0.2880647382056198,18
Visually normal,Week 17,T>A,0.11751665131656068,18
Visually normal,Week 17,T>C,0.2717024087693849,18
Visually normal,Week 17,T>G,0.0816263119809725,18
Visually normal,Skin,C>A,0.10428490815265226,10
Visually normal,Skin,C>G,0.13830754462491734,10
Visually normal,Skin,C>T,0.40131664992529326,10
Visually normal,Skin,T>A,0.10770599603171728,10
Visually normal,Skin,T>C,0.17417771539907487,10
Visually normal,Skin,T>G,0.07420718586634503,10
