sample_name,tissue,time,muts_per_mbp
hairfollicle21-b5-w17,Hair follicle,Week 17,45.203152483714966
hairfollicle21-b5-w8,Hair follicle,Week 8,39.01590734279376
hairfollicle21-b6-w14,Hair follicle,Week 14,148.4559473594414
hairfollicle21-b6-w17,Hair follicle,Week 17,22.326970444449604
hairfollicle21-b6-w8,Hair follicle,Week 8,64.34345546628587
hairfollicle21-b7-w14,Hair follicle,Week 14,34.65090785378577
hairfollicle21-b7-w17,Hair follicle,Week 17,2.751542583560909
hairfollicle21-b7-w8,Hair follicle,Week 8,184.99872813374407
hairfollicle21-c1-w17,Hair follicle,Week 17,23.848224876208885
hairfollicle21-c2-w17,Hair follicle,Week 17,24.28011674590769
hairfollicle21-c3-w17,Hair follicle,Week 17,19.917032037652536
hairfollicle21-c5-w14,Hair follicle,Week 14,27.571948125313384
hairfollicle21-c5-w17,Hair follicle,Week 17,24.656303457947935
hairfollicle21-c6-w14,Hair follicle,Week 14,5.074830164913527
hairfollicle21-c6-w17,Hair follicle,Week 17,40.25496663002076
hairfollicle21-c6-w8,Hair follicle,Week 8,45.88098190948176
hairfollicle21-c7-w14,Hair follicle,Week 14,138.20881377349548
hairfollicle21-c7-w17,Hair follicle,Week 17,9.42040297792396
hairfollicle21-c7-w8,Hair follicle,Week 8,120.87598710499664
hairfollicle21-d1-w14,Hair follicle,Week 14,31.056784742836882
hairfollicle21-d1-w17,Hair follicle,Week 17,17.398478731962243
hairfollicle21-d1-w8,Hair follicle,Week 8,57.92802504276517
hairfollicle21-d2-w17,Hair follicle,Week 17,23.681250370019537
hairfollicle21-d2-w8,Hair follicle,Week 8,52.636792132381274
hairfollicle21-d3-w17,Hair follicle,Week 17,20.424697544270533
hairfollicle21-d3-w8,Hair follicle,Week 8,32.69755627131251
hairfollicle21-d4-w14,Hair follicle,Week 14,60.298534631837626
hairfollicle21-d4-w17,Hair follicle,Week 17,21.76090403850249
hairfollicle21-d4-w8,Hair follicle,Week 8,34.23303368679354
hairfollicle21-d5-w17,Hair follicle,Week 17,32.77314022670819
hairfollicle21-d6-w17,Hair follicle,Week 17,17.27541917836617
hairfollicle21-d7-w17,Hair follicle,Week 17,10.256473373169475
hairfollicle21-e1-w14,Hair follicle,Week 14,16.10225812212538
hairfollicle21-e1-w17,Hair follicle,Week 17,36.42062176071449
hairfollicle21-e2-w14,Hair follicle,Week 14,31.916237045694835
hairfollicle21-e2-w17,Hair follicle,Week 17,10.36591686534674
hairfollicle21-e2-w8,Hair follicle,Week 8,21.473139394693913
hairfollicle21-e3-w14,Hair follicle,Week 14,74.35198573691487
hairfollicle21-e3-w17,Hair follicle,Week 17,24.902013472568402
hairfollicle21-e3-w8,Hair follicle,Week 8,25.80635045285245
hairfollicle21-e4-w14,Hair follicle,Week 14,11.006429379868221
hairfollicle21-e4-w17,Hair follicle,Week 17,20.351028700259434
hairfollicle21-e4-w8,Hair follicle,Week 8,26.421860895606443
hairfollicle21-e5-w17,Hair follicle,Week 17,26.93961279320917
hairfollicle21-e6-w17,Hair follicle,Week 17,22.757606624655
hairfollicle21-e7-w17,Hair follicle,Week 17,4.753958859240032
hairfollicle21-f1-w14,Hair follicle,Week 14,17.32614557188528
hairfollicle21-f1-w17,Hair follicle,Week 17,33.41897654101132
hairfollicle21-f1-w8,Hair follicle,Week 8,98.45676829723317
hairfollicle21-f2-w14,Hair follicle,Week 14,15.462588343300386
hairfollicle21-f2-w17,Hair follicle,Week 17,34.09836678165134
hairfollicle21-f2-w19,Hair follicle,Week 19,45.60638549208542
hairfollicle21-f3-w17,Hair follicle,Week 17,19.555849656741984
hairfollicle21-f3-w8,Hair follicle,Week 8,21.05990800536656
hairfollicle21-f4-w17,Hair follicle,Week 17,16.93140804411196
hairfollicle21-f4-w19,Hair follicle,Week 19,41.21214877301485
hairfollicle21-f4-w8,Hair follicle,Week 8,66.707999466336
hairfollicle21-f5-w17,Hair follicle,Week 17,33.04138085147639
hairfollicle21-f6-w14,Hair follicle,Week 14,26.29957225856181
hairfollicle21-f6-w17,Hair follicle,Week 17,45.6132428178999
hairfollicle21-f6-w19,Hair follicle,Week 19,24.973736297984146
hairfollicle21-f6-w8,Hair follicle,Week 8,61.760973802117846
hairfollicle21-f7-w14,Hair follicle,Week 14,35.082438071009115
hairfollicle21-f7-w17,Hair follicle,Week 17,65.03318605229433
hairfollicle21-f7-w19,Hair follicle,Week 19,26.393813290164783
hairfollicle21-f7-w8,Hair follicle,Week 8,33.16584581198282
hairfollicle21-g1-w14,Hair follicle,Week 14,29.662520683595503
hairfollicle21-g1-w17,Hair follicle,Week 17,24.74365572667168
hairfollicle21-g1-w8,Hair follicle,Week 8,52.665029347339186
hairfollicle21-g2-w14,Hair follicle,Week 14,27.47200859873869
hairfollicle21-g2-w17,Hair follicle,Week 17,24.899859261665043
hairfollicle21-g2-w19,Hair follicle,Week 19,47.14061555848467
hairfollicle21-g2-w8,Hair follicle,Week 8,21.728502362974634
hairfollicle21-g3-w14,Hair follicle,Week 14,20.38742066309837
hairfollicle21-g3-w17,Hair follicle,Week 17,15.811999516876739
hairfollicle21-g3-w8,Hair follicle,Week 8,19.410233907183034
hairfollicle21-g4-w14,Hair follicle,Week 14,104.10727213320605
hairfollicle21-g4-w17,Hair follicle,Week 17,48.57300141147428
hairfollicle21-g4-w8,Hair follicle,Week 8,22.88247096786496
hairfollicle21-g5-w17,Hair follicle,Week 17,29.87715891201177
hairfollicle21-g6-w17,Hair follicle,Week 17,28.81395223956444
hairfollicle21-g6-w19,Hair follicle,Week 19,65.74085059415862
hairfollicle21-g6-w8,Hair follicle,Week 8,15.29168896704641
hairfollicle21-g7-w14,Hair follicle,Week 14,19.13362926679933
hairfollicle21-g7-w17,Hair follicle,Week 17,5.383913405136791
hairfollicle21-g7-w19,Hair follicle,Week 19,52.47095661644582
hairfollicle21-g7-w8,Hair follicle,Week 8,18.062972036261417
