sample_name	total_target_bases	callable_bases_10x	pct_callable_10x	on_target_reads	total_reads_mapq20	overall_callable_10x	mapq	bq
hairfollicle19-a3-w19	1905487	1890908	99.2349	623132	3104609	4172357	20	20
hairfollicle19-a4-w19	1905487	1895195	99.4599	773962	3929262	4992503	20	20
hairfollicle19-b3-w19	1905487	1896810	99.5446	1987546	5354524	5944238	20	20
hairfollicle19-b4-w19	1905487	818756	42.9683	157329	2986667	1433020	20	20
hairfollicle21-b5-w8	1905487	1625747	85.3192	275580	5937399	4485350	20	20
hairfollicle21-b5-w14	1905487	1870434	98.1604	475229	11132047	6115898	20	20
hairfollicle21-b5-w17	1905487	636711	33.4146	137670	2111077	1260974	20	20
hairfollicle21-b6-w8	1905487	1556796	81.7007	213992	3316262	4040815	20	20
hairfollicle21-b6-w14	1905487	934040	49.0184	120031	10639837	2707874	20	20
hairfollicle21-b6-w17	1905487	1344942	70.5826	216794	3481429	2239444	20	20
hairfollicle21-b7-w8	1905487	588807	30.9006	79871	1466575	1600011	20	20
hairfollicle21-b7-w14	1905487	90453	4.7470	13572	826865	317452	20	20
hairfollicle21-b7-w17	1905487	106808	5.6053	18292	305489	726865	20	20
hairfollicle21-c1-w17	1905487	1896419	99.5241	2728967	16746192	5576935	20	20
hairfollicle21-c2-w17	1905487	1831668	96.1260	429748	10217107	3377249	20	20
hairfollicle21-c3-w17	1905487	1840803	96.6054	464440	2686138	4066871	20	20
hairfollicle21-c5-w8	1905487	1896370	99.5215	992666	5784313	7652218	20	20
hairfollicle21-c5-w14	1905487	1896925	99.5507	2384134	12369799	8015393	20	20
hairfollicle21-c5-w17	1905487	1878306	98.5735	653345	2508816	4055758	20	20
hairfollicle21-c6-w8	1905487	1704154	89.4340	275571	5683948	4250127	20	20
hairfollicle21-c6-w14	1905487	1897079	99.5587	3563850	100320821	39016084	20	20
hairfollicle21-c6-w17	1905487	269281	14.1319	57208	1105502	720408	20	20
hairfollicle21-c7-w8	1905487	990124	51.9617	119143	2551080	2556339	20	20
hairfollicle21-c7-w14	1905487	91924	4.8242	15485	219551	253240	20	20
hairfollicle21-c7-w17	1905487	106068	5.5665	15758	395089	743068	20	20
hairfollicle21-d1-w8	1905487	1897248	99.5676	1846905	20673147	8959394	20	20
hairfollicle21-d1-w14	1905487	126712	6.6498	31861	374703	386389	20	20
hairfollicle21-d1-w17	1905487	1897174	99.5637	28461089	35906153	6552297	20	20
hairfollicle21-d2-w8	1905487	1185282	62.2036	108384	3742075	3856618	20	20
hairfollicle21-d2-w14	1905487	1853127	97.2521	362419	3490448	4923717	20	20
hairfollicle21-d2-w17	1905487	1307207	68.6023	248772	870837	1773555	20	20
hairfollicle21-d3-w8	1905487	1028685	53.9854	105583	2040752	2538416	20	20
hairfollicle21-d3-w14	1905487	1897329	99.5719	1688387	11498437	8912812	20	20
hairfollicle21-d3-w17	1905487	251490	13.1982	70851	1046750	734405	20	20
hairfollicle21-d4-w8	1905487	1457989	76.5153	168544	4659079	4031194	20	20
hairfollicle21-d4-w14	1905487	360098	18.8980	87584	2440655	878960	20	20
hairfollicle21-d4-w17	1905487	1896036	99.5040	2454147	7823316	6847142	20	20
hairfollicle21-d5-w17	1905487	299965	15.7422	82790	1279967	732307	20	20
hairfollicle21-d6-w17	1905487	1896253	99.5154	1506868	5946160	6714743	20	20
hairfollicle21-d7-w17	1905487	73133	3.8380	9021	220013	487497	20	20
hairfollicle21-e1-w8	1905487	1894551	99.4261	910586	3898819	4958515	20	20
hairfollicle21-e1-w14	1905487	1896952	99.5521	2495729	14260683	6831340	20	20
hairfollicle21-e1-w17	1905487	1329577	69.7762	259468	1881406	1976902	20	20
hairfollicle21-e1-w19	1905487	1887838	99.0738	925392	3151810	4246567	20	20
hairfollicle21-e2-w8	1905487	1399125	73.4261	145896	4363136	4144713	20	20
hairfollicle21-e2-w14	1905487	1896396	99.5229	1123568	10978549	8678968	20	20
hairfollicle21-e2-w17	1905487	46666	2.4490	22293	224404	96470	20	20
hairfollicle21-e3-w8	1905487	1092797	57.3500	101961	1608544	3061262	20	20
hairfollicle21-e3-w14	1905487	1817072	95.3600	299755	2876194	6401981	20	20
hairfollicle21-e3-w17	1905487	1090460	57.2274	162421	2151963	1726768	20	20
hairfollicle21-e4-w8	1905487	748805	39.2973	73537	3385130	2535779	20	20
hairfollicle21-e4-w14	1905487	1897714	99.5921	3464035	53921584	13537542	20	20
hairfollicle21-e4-w17	1905487	457322	24.0003	83957	937325	1130164	20	20
hairfollicle21-e5-w17	1905487	1895058	99.4527	947736	3975595	5085448	20	20
hairfollicle21-e6-w17	1905487	1515288	79.5223	273503	2329912	2372833	20	20
hairfollicle21-e7-w17	1905487	29143	1.5294	5743	117175	210351	20	20
hairfollicle21-f1-w8	1905487	1666267	87.4457	226003	11416636	5118998	20	20
hairfollicle21-f1-w14	1905487	1897830	99.5982	3058700	20069607	8368855	20	20
hairfollicle21-f1-w17	1905487	1102887	57.8795	171904	1439249	1765464	20	20
hairfollicle21-f2-w8	1905487	1879962	98.6604	585203	3025650	3887266	20	20
hairfollicle21-f2-w14	1905487	1896413	99.5238	1226209	7927489	6596567	20	20
hairfollicle21-f2-w17	1905487	1102923	57.8814	192786	1106420	2140865	20	20
hairfollicle21-f2-w19	1905487	490926	25.7638	78918	903833	1337532	20	20
hairfollicle21-f3-w8	1905487	681431	35.7615	62378	1968576	2421663	20	20
hairfollicle21-f3-w17	1905487	1103505	57.9120	147369	1062681	1892017	20	20
hairfollicle21-f4-w8	1905487	560970	29.4397	117383	1165435	1019368	20	20
hairfollicle21-f4-w17	1905487	1896884	99.5485	3195912	14018093	7087420	20	20
hairfollicle21-f4-w19	1905487	268894	14.1116	89846	1040497	703676	20	20
hairfollicle21-f5-w17	1905487	1424369	74.7509	252396	2451193	2300146	20	20
hairfollicle21-f6-w8	1905487	1881110	98.7207	566694	10112363	3740226	20	20
hairfollicle21-f6-w14	1905487	1635044	85.8071	265899	2605019	3079898	20	20
hairfollicle21-f6-w17	1905487	1871363	98.2092	464128	2889046	4406615	20	20
hairfollicle21-f6-w19	1905487	1888528	99.1100	665498	3514606	4845090	20	20
hairfollicle21-f7-w8	1905487	151755	7.9641	53379	720837	482424	20	20
hairfollicle21-f7-w14	1905487	188037	9.8682	42104	672380	883633	20	20
hairfollicle21-f7-w17	1905487	66434	3.4865	29247	600801	261405	20	20
hairfollicle21-f7-w19	1905487	342477	17.9732	85270	1064449	1250293	20	20
hairfollicle21-g1-w8	1905487	1856293	97.4183	380768	4007271	5031802	20	20
hairfollicle21-g1-w14	1905487	1835282	96.3156	366867	4485211	3742096	20	20
hairfollicle21-g1-w17	1905487	1733346	90.9660	308918	2678395	3031080	20	20
hairfollicle21-g2-w8	1905487	196122	10.2925	48283	666512	828405	20	20
hairfollicle21-g2-w14	1905487	1358987	71.3197	224285	3082502	2329644	20	20
hairfollicle21-g2-w17	1905487	1644883	86.3235	279479	2752962	2771100	20	20
hairfollicle21-g2-w19	1905487	1051399	55.1774	206858	2754488	1633411	20	20
hairfollicle21-g3-w8	1905487	238269	12.5044	24130	585352	721269	20	20
hairfollicle21-g3-w14	1905487	720877	37.8316	55645	1208852	2011044	20	20
hairfollicle21-g3-w17	1905487	1894491	99.4229	918087	3536183	5249178	20	20
hairfollicle21-g4-w8	1905487	821384	43.1063	62138	1176771	2359885	20	20
hairfollicle21-g4-w14	1905487	374706	19.6646	114904	1278118	624356	20	20
hairfollicle21-g4-w17	1905487	524930	27.5483	105739	1526252	1049966	20	20
hairfollicle21-g5-w17	1905487	1346911	70.6859	207843	2574882	2175575	20	20
hairfollicle21-g6-w8	1905487	98627	5.1759	30951	554291	588555	20	20
hairfollicle21-g6-w14	1905487	1885563	98.9544	536142	3315347	4778335	20	20
hairfollicle21-g6-w17	1905487	191441	10.0468	37058	659636	763519	20	20
hairfollicle21-g6-w19	1905487	1266035	66.4415	208272	1416714	1947039	20	20
hairfollicle21-g7-w8	1905487	81459	4.2750	25446	448701	442895	20	20
hairfollicle21-g7-w14	1905487	98386	5.1633	21798	541599	574904	20	20
hairfollicle21-g7-w17	1905487	125967	6.6108	32133	464520	742954	20	20
hairfollicle21-g7-w19	1905487	230352	12.0889	60171	1100567	705152	20	20
skin19-a3-w19	1905487	1896489	99.5278	37562980	139609499	15166911	20	20
skin19-a4-w19	1905487	1897414	99.5763	49818860	61331338	7469212	20	20
skin19-b3-w19	1905487	1897504	99.5811	31424569	92140418	8198919	20	20
skin19-b4-w19	1905487	1897529	99.5824	45772573	53994654	6682143	20	20
skin21-b5-w19	1905487	1897493	99.5805	102786444	131730196	13828287	20	20
skin21-b6-w19	1905487	1897524	99.5821	98447737	135893087	14991408	20	20
skin21-b7-w19	1905487	1897502	99.5809	80072370	145344629	12916857	20	20
skin21-c5-w19	1905487	1897669	99.5897	94699266	136691372	14476041	20	20
skin21-c6-w19	1905487	1897494	99.5805	52142167	69938100	7706756	20	20
skin21-c7-w19	1905487	1897535	99.5827	50491104	87943531	7957113	20	20
skin21-d1-w19	1905487	1897695	99.5911	82025320	102362750	14023003	20	20
skin21-d2-w19	1905487	1897563	99.5841	50289105	68528607	8618273	20	20
skin21-d3-w19	1905487	1897637	99.5880	86753049	116040687	15925932	20	20
skin21-d4-w19	1905487	1897728	99.5928	91219024	147966067	15251175	20	20
skin21-e1-w19	1905487	1897612	99.5867	44485751	53481526	7519725	20	20
skin21-e2-w19	1905487	1897570	99.5845	49977655	64456679	7364843	20	20
skin21-e3-w19	1905487	1897982	99.6061	42864277	56146383	7499677	20	20
skin21-e4-w19	1905487	1897651	99.5888	52890262	64924727	7894520	20	20
skin21-f1-w19	1905487	1897673	99.5899	83349147	126726373	13946935	20	20
skin21-f2-w19	1905487	1893276	99.3592	20830706	26512778	3761058	20	20
skin21-f3-w19	1905487	1897545	99.5832	49586866	59746201	7692878	20	20
skin21-f4-w19	1905487	1893847	99.3891	25134135	30412894	3920519	20	20
skin21-f6-w19	1905487	1893980	99.3961	27863508	35554979	4063662	20	20
skin21-f7-w19	1905487	1894308	99.4133	29882882	37700264	4200418	20	20
skin21-g1-w19	1905487	1897555	99.5837	83971604	104162331	11438580	20	20
skin21-g2-w19	1905487	1894107	99.4028	24903259	39485992	4094881	20	20
skin21-g3-w19	1905487	1897446	99.5780	94975702	131269513	14270391	20	20
skin21-g4-w19	1905487	1897623	99.5873	90273262	134141073	13571670	20	20
skin21-g6-w19	1905487	1893560	99.3741	21079359	51899149	3969806	20	20
skin21-g7-w19	1905487	1894071	99.4009	25386713	36627786	4027308	20	20
skin21-pp-bc-w19	1905487	1897704	99.5915	96007246	116801091	13247087	20	20
skin21-pp-de-w19	1905487	1897284	99.5695	78971161	96431251	12383336	20	20
