plot_morphology,plot_group,VARIANT_CLASS,mean_ratio,sd_ratio,se_ratio,n_samples
Acetone,Acetone HF,SNV,0.7386327464313792,0.06469582997683189,0.032347914988415945,4
Acetone,Acetone HF,deletion,0.13610146195780376,0.045924183369465126,0.022962091684732563,4
Acetone,Acetone HF,insertion,0.07598162522123315,0.03297605285989544,0.01648802642994772,4
Acetone,Acetone HF,substitution,0.049284166389583856,0.027498890643037448,0.013749445321518724,4
Acetone,Acetone Skin,SNV,0.7541943160608215,0.019550344762237642,0.009775172381118821,4
Acetone,Acetone Skin,deletion,0.13397898535611713,0.030216850819974883,0.015108425409987442,4
Acetone,Acetone Skin,insertion,0.022355408744249888,0.014415711395311052,0.007207855697655526,4
Acetone,Acetone Skin,substitution,0.08947128983881145,0.01726070470915653,0.008630352354578265,4
SCC,Week 8,SNV,0.7180496441459672,0.09973105518951934,0.03526025270969947,8
SCC,Week 8,deletion,0.22449212818456088,0.11250313354866451,0.03977586431849822,8
SCC,Week 8,insertion,0.03036115124181579,0.019908593044747284,0.007038750572912069,8
SCC,Week 8,substitution,0.027097076427656182,0.018457362200344638,0.006525662987339974,8
SCC,Week 14,SNV,0.7844563774572731,0.06794095302511502,0.027736777924988833,6
SCC,Week 14,deletion,0.16782602475250566,0.07926612541152184,0.03236026019094796,6
SCC,Week 14,insertion,0.039777184989487076,0.05156004162344212,0.021049298849015866,6
SCC,Week 14,substitution,0.00794041280073417,0.008803946566953488,0.0035941961352939575,6
SCC,Week 17,SNV,0.6113268951709397,0.24395256225333686,0.07714457377545629,10
SCC,Week 17,deletion,0.3202691349575948,0.25783295210632046,0.08153393845010808,10
SCC,Week 17,insertion,0.01881856645757226,0.022751347257247947,0.007194607717032831,10
SCC,Week 17,substitution,0.04958540341389332,0.044898078964249764,0.014198019209312287,10
SCC,Week 19,SNV,0.7592975206611571,0.013148679815452325,0.009297520661157022,2
SCC,Week 19,deletion,0.16880810950413225,0.006711305322470463,0.004745609504132234,2
SCC,Week 19,insertion,0.03996642561983472,0.00977019958509305,0.006908574380165289,2
SCC,Week 19,substitution,0.03192794421487604,0.010089785552829739,0.007134555785123967,2
SCC,Skin DT,SNV,0.644572157629005,0.2652537428777081,0.09378136016197013,8
SCC,Skin DT,deletion,0.3246981100615418,0.2764379647891744,0.09773557973991662,8
SCC,Skin DT,insertion,0.026096471188541904,0.02016053429197268,0.007127825255098906,8
SCC,Skin DT,substitution,0.0046332611209113,0.005275648366003632,0.0018652233673784485,8
Papilloma,Week 8,SNV,0.7565056200275108,0.08168497929016431,0.04716084478192537,3
Papilloma,Week 8,deletion,0.19254795421978685,0.09120215091218618,0.052655586379823566,3
Papilloma,Week 8,insertion,0.03499986675112595,0.015980653005255693,0.009226434314410377,3
Papilloma,Week 8,substitution,0.015946559001576436,0.005390514543337434,0.0031122150226664605,3
Papilloma,Week 14,SNV,0.7448098563124083,0.04392246085182522,0.02535864459627209,3
Papilloma,Week 14,deletion,0.21049383414626788,0.04938559021880668,0.02851278380691659,3
Papilloma,Week 14,insertion,0.026237980451848247,0.008782504676008553,0.005070581438852685,3
Papilloma,Week 14,substitution,0.01845832908947561,0.012377964924899867,0.007146421381410684,3
Papilloma,Week 17,SNV,0.7612085769980507,0.1267120256307193,0.05172996784495435,6
Papilloma,Week 17,deletion,0.20680952861079904,0.11889811987123455,0.048539954176798975,6
Papilloma,Week 17,insertion,0.020460034185079558,0.02363555089355504,0.009649173246465477,6
Papilloma,Week 17,substitution,0.011521860206070732,0.013036608439671629,0.005322173108942712,6
Papilloma,Skin DT,SNV,0.6396345666592146,0.05941359279401149,0.029706796397005745,4
Papilloma,Skin DT,deletion,0.30420986567553476,0.05921149371096001,0.029605746855480005,4
Papilloma,Skin DT,insertion,0.044425814144124005,0.033704668085073164,0.016852334042536582,4
Papilloma,Skin DT,substitution,0.011729753521126762,0.014079623383074013,0.0070398116915370065,4
Visually normal,Week 8,SNV,0.7541568025886836,0.10378499460931248,0.02996014728776521,12
Visually normal,Week 8,deletion,0.16135993325544357,0.11995338676985276,0.03462756007089089,12
Visually normal,Week 8,insertion,0.047968435811426936,0.04400879183503278,0.01270424390633319,12
Visually normal,Week 8,substitution,0.036514828344446,0.06121583183318524,0.01767148849377818,12
Visually normal,Week 14,SNV,0.7862542315862747,0.06252023664808738,0.0188505606150848,11
Visually normal,Week 14,deletion,0.18041069816376504,0.06135403398663118,0.018498937282578974,11
Visually normal,Week 14,insertion,0.023091269442433917,0.023068701975314874,0.0069554753502409,11
Visually normal,Week 14,substitution,0.010243800807526298,0.012311270105515444,0.0037119876029739875,11
Visually normal,Week 17,SNV,0.6720825716391888,0.19122968122478415,0.041729737587373764,21
Visually normal,Week 17,deletion,0.28203819316379886,0.19766947143349403,0.04313501502028083,21
Visually normal,Week 17,insertion,0.024447672301752845,0.022955702994163323,0.005009345076270374,21
Visually normal,Week 17,substitution,0.021431562895259514,0.01826277820728464,0.003985264930241514,21
Visually normal,Week 19,SNV,0.7515907749938275,0.14408114717388246,0.06443504787139058,5
Visually normal,Week 19,deletion,0.19155714192458115,0.1584746997924668,0.07087204028996552,5
Visually normal,Week 19,insertion,0.031036486774191692,0.02838497821798111,0.012694148167051321,5
Visually normal,Week 19,substitution,0.025815596307399588,0.0150785540834029,0.006743334386579184,5
Visually normal,Skin DT,SNV,0.6284108615350489,0.2762987354403951,0.06907468386009878,16
Visually normal,Skin DT,deletion,0.2702354844255301,0.2329797613094508,0.0582449403273627,16
Visually normal,Skin DT,insertion,0.028004280212344464,0.02930258101441761,0.007325645253604403,16
Visually normal,Skin DT,substitution,0.07334937382707657,0.247323917090169,0.06183097927254225,16
