incidence_pct,candidate_density,density_scale,density_scaled,x_axis_max,y_tick_max,density_axis_max
0,0.015237707801073867,45000,685.696851048324,65,1800,0.04
0.12720156555772993,0.015635949410262452,45000,703.6177234618103,65,1800,0.04
0.25440313111545987,0.01603564302168198,45000,721.6039359756892,65,1800,0.04
0.3816046966731898,0.016436188164628104,45000,739.6284674082647,65,1800,0.04
0.5088062622309197,0.016837864604423918,45000,757.7039071990763,65,1800,0.04
0.6360078277886496,0.017239917355516894,45000,775.7962809982603,65,1800,0.04
0.7632093933463796,0.017642186844721467,45000,793.898408012466,65,1800,0.04
0.8904109589041096,0.01804434050016824,45000,811.9953225075708,65,1800,0.04
1.0176125244618395,0.01844603005188513,45000,830.0713523348309,65,1800,0.04
1.1448140900195694,0.018847318249597667,45000,848.129321231895,65,1800,0.04
1.2720156555772992,0.01924709371271523,45000,866.1192170721854,65,1800,0.04
1.3992172211350293,0.01964581330041387,45000,884.0615985186241,65,1800,0.04
1.5264187866927592,0.020043385620899926,45000,901.9523529404967,65,1800,0.04
1.653620352250489,0.020438280510338854,45000,919.7226229652484,65,1800,0.04
1.7808219178082192,0.0208316144607941,45000,937.4226507357345,65,1800,0.04
1.908023483365949,0.021222911967047977,45000,955.031038517159,65,1800,0.04
2.035225048923679,0.021610728962089393,45000,972.4828032940227,65,1800,0.04
2.162426614481409,0.02199652070680076,45000,989.8434318060341,65,1800,0.04
2.2896281800391387,0.02237931869291089,45000,1007.06934118099,65,1800,0.04
2.4168297455968686,0.0227581427313637,45000,1024.1164229113665,65,1800,0.04
2.5440313111545985,0.023134551653565257,45000,1041.0548244104366,65,1800,0.04
2.671232876712329,0.023506997824968453,45000,1057.8149021235804,65,1800,0.04
2.7984344422700587,0.023875264953601896,45000,1074.3869229120853,65,1800,0.04
2.9256360078277885,0.02424080882016915,45000,1090.8363969076117,65,1800,0.04
3.0528375733855184,0.02460146601118484,45000,1107.0659705033179,65,1800,0.04
3.1800391389432483,0.02495799229421547,45000,1123.1096532396962,65,1800,0.04
3.307240704500978,0.025311572654694345,45000,1139.0207694612454,65,1800,0.04
3.434442270058708,0.025659439792618307,45000,1154.6747906678238,65,1800,0.04
3.5616438356164384,0.026003431647941402,45000,1170.154424157363,65,1800,0.04
3.6888454011741683,0.02634434040431946,45000,1185.4953181943758,65,1800,0.04
3.816046966731898,0.026678849929894895,45000,1200.5482468452703,65,1800,0.04
3.943248532289628,0.027009894898330257,45000,1215.4452704248615,65,1800,0.04
4.070450097847358,0.02733764163681011,45000,1230.193873656455,65,1800,0.04
4.197651663405088,0.02765879253569633,45000,1244.6456641063348,65,1800,0.04
4.324853228962818,0.0279768305418759,45000,1258.9573743844155,65,1800,0.04
4.4520547945205475,0.028291116753837355,45000,1273.100253922681,65,1800,0.04
4.579256360078277,0.02859941833508636,45000,1286.9738250788862,65,1800,0.04
4.706457925636007,0.028904694591773833,45000,1300.7112566298224,65,1800,0.04
4.833659491193737,0.029205870781657758,45000,1314.264185174599,65,1800,0.04
4.960861056751467,0.02950176500930642,45000,1327.5794254187888,65,1800,0.04
5.088062622309197,0.0297947667820287,45000,1340.7645051912914,65,1800,0.04
5.215264187866928,0.03008342941728578,45000,1353.7543237778602,65,1800,0.04
5.342465753424658,0.030367541037512404,45000,1366.5393466880582,65,1800,0.04
5.4696673189823874,0.03064892145483361,45000,1379.2014654675124,65,1800,0.04
5.596868884540117,0.03092581976866273,45000,1391.661889589823,65,1800,0.04
5.724070450097847,0.03119887250030746,45000,1403.9492625138357,65,1800,0.04
5.851272015655577,0.03146936540261042,45000,1416.121443117469,65,1800,0.04
5.978473581213307,0.0317352992551119,45000,1428.0884664800353,65,1800,0.04
6.105675146771037,0.0319980267360153,45000,1439.9112031206887,65,1800,0.04
6.232876712328767,0.03225835714708325,45000,1451.6260716187462,65,1800,0.04
6.360078277886497,0.0325140720005024,45000,1463.133240022608,65,1800,0.04
6.4872798434442265,0.03276712837107205,45000,1474.5207766982421,65,1800,0.04
6.614481409001956,0.033017923510202114,45000,1485.8065579590952,65,1800,0.04
6.741682974559686,0.0332640088591357,45000,1496.8803986611065,65,1800,0.04
6.868884540117416,0.03350788395784876,45000,1507.8547781031943,65,1800,0.04
6.996086105675146,0.03374930136304734,45000,1518.7185613371303,65,1800,0.04
7.123287671232877,0.03398638723827027,45000,1529.387425722162,65,1800,0.04
7.250489236790607,0.03422133118732106,45000,1539.9599034294479,65,1800,0.04
7.3776908023483365,0.03445351393925856,45000,1550.4081272666351,65,1800,0.04
7.504892367906066,0.034681665925062326,45000,1560.6749666278047,65,1800,0.04
7.632093933463796,0.034907627408447925,45000,1570.8432333801566,65,1800,0.04
7.759295499021526,0.035130408035100445,45000,1580.86836157952,65,1800,0.04
7.886497064579256,0.03534930824632578,45000,1590.7188710846601,65,1800,0.04
8.013698630136986,0.035565890056126315,45000,1600.465052525684,65,1800,0.04
8.140900195694716,0.035778700983087885,45000,1610.0415442389549,65,1800,0.04
8.268101761252446,0.035987664207043836,45000,1619.4448893169726,65,1800,0.04
8.395303326810176,0.03619409870153201,45000,1628.7344415689404,65,1800,0.04
8.522504892367905,0.03639595257692572,45000,1637.8178659616574,65,1800,0.04
8.649706457925635,0.03659391894196291,45000,1646.7263523883307,65,1800,0.04
8.776908023483365,0.036789064979371885,45000,1655.5079240717348,65,1800,0.04
8.904109589041095,0.03697856155173485,45000,1664.0352698280683,65,1800,0.04
9.031311154598825,0.037164111088000495,45000,1672.3849989600224,65,1800,0.04
9.158512720156555,0.037346472838778184,45000,1680.5912777450183,65,1800,0.04
9.285714285714285,0.03752183226515656,45000,1688.4824519320453,65,1800,0.04
9.412915851272015,0.037693220781403504,45000,1696.1949351631577,65,1800,0.04
9.540117416829744,0.03786074083158016,45000,1703.7333374211073,65,1800,0.04
9.667318982387474,0.03802010857129681,45000,1710.9048857083565,65,1800,0.04
9.794520547945204,0.03817532314622302,45000,1717.8895415800357,65,1800,0.04
9.921722113502934,0.03832545763317929,45000,1724.645593493068,65,1800,0.04
10.048923679060664,0.03846696822699135,45000,1731.0135702146106,65,1800,0.04
10.176125244618394,0.03860379960156613,45000,1737.170982070476,65,1800,0.04
10.303326810176126,0.038734120091452696,45000,1743.0354041153714,65,1800,0.04
10.430528375733855,0.03885546796521143,45000,1748.4960584345142,65,1800,0.04
10.557729941291585,0.03897159627843026,45000,1753.7218325293618,65,1800,0.04
10.684931506849315,0.03907958329426448,45000,1758.5812482419017,65,1800,0.04
10.812133072407045,0.039178426789798354,45000,1763.0292055409259,65,1800,0.04
10.939334637964775,0.03927151646635451,45000,1767.218240985953,65,1800,0.04
11.066536203522505,0.03935467285038077,45000,1770.9602782671348,65,1800,0.04
11.193737769080235,0.039428733217761434,45000,1774.2929947992645,65,1800,0.04
11.320939334637965,0.03949653241968085,45000,1777.3439588856384,65,1800,0.04
11.448140900195694,0.03955250011847926,45000,1779.8625053315666,65,1800,0.04
11.575342465753424,0.03959966119531341,45000,1781.9847537891035,65,1800,0.04
11.702544031311154,0.039640101102655353,45000,1783.804549619491,65,1800,0.04
11.829745596868884,0.039666775352378315,45000,1785.0048908570243,65,1800,0.04
11.956947162426614,0.039685179261936314,45000,1785.8330667871342,65,1800,0.04
12.084148727984344,0.03969646854702596,45000,1786.341084616168,65,1800,0.04
12.211350293542074,0.03969210370545189,45000,1786.1446667453351,65,1800,0.04
12.338551859099804,0.039680238201054485,45000,1785.6107190474518,65,1800,0.04
12.465753424657533,0.03965983712509873,45000,1784.692670629443,65,1800,0.04
12.592954990215263,0.039624250234898455,45000,1783.0912605704304,65,1800,0.04
12.720156555772993,0.039581023818140625,45000,1781.146071816328,65,1800,0.04
12.847358121330723,0.0395278356530666,45000,1778.7526043879968,65,1800,0.04
12.974559686888453,0.039460361903511286,45000,1775.7162856580078,65,1800,0.04
13.101761252446183,0.03938516351165433,45000,1772.3323580244448,65,1800,0.04
13.228962818003913,0.03929870416256127,45000,1768.441687315257,65,1800,0.04
13.356164383561643,0.03919913695652574,45000,1763.9611630436584,65,1800,0.04
13.483365949119372,0.03909187780642253,45000,1759.1345012890138,65,1800,0.04
13.610567514677102,0.03897226012393821,45000,1753.7517055772194,65,1800,0.04
13.737769080234832,0.03884093479862002,45000,1747.8420659379008,65,1800,0.04
13.864970645792562,0.038702070844213426,45000,1741.5931879896043,65,1800,0.04
13.992172211350292,0.03855002227447302,45000,1734.7510023512857,65,1800,0.04
14.119373776908022,0.0383878224477399,45000,1727.4520101482956,65,1800,0.04
14.246575342465754,0.03821835680840837,45000,1719.8260563783767,65,1800,0.04
14.373776908023483,0.03803521261218755,45000,1711.5845675484397,65,1800,0.04
14.500978473581213,0.03784355663665779,45000,1702.9600486496006,65,1800,0.04
14.628180039138943,0.037645022239514936,45000,1694.0260007781721,65,1800,0.04
14.755381604696673,0.03743269505426281,45000,1684.4712774418265,65,1800,0.04
14.882583170254403,0.037213503519408456,45000,1674.6076583733804,65,1800,0.04
15.009784735812133,0.03698746876237195,45000,1664.436094306738,65,1800,0.04
15.136986301369863,0.03674885460696214,45000,1653.698457313296,65,1800,0.04
15.264187866927593,0.03650450058515594,45000,1642.7025263320172,65,1800,0.04
15.391389432485322,0.036253114744934783,45000,1631.3901635220652,65,1800,0.04
15.518590998043052,0.03599142330293539,45000,1619.6140486320924,65,1800,0.04
15.645792563600782,0.03572466767683347,45000,1607.6100454575062,65,1800,0.04
15.772994129158512,0.03545101738435952,45000,1595.2957822961782,65,1800,0.04
15.900195694716242,0.035169261157499423,45000,1582.616752087474,65,1800,0.04
16.027397260273972,0.0348831758725911,45000,1569.7429142665994,65,1800,0.04
16.1545988258317,0.03459066650097126,45000,1556.5799925437066,65,1800,0.04
16.28180039138943,0.03429210191453655,45000,1543.1445861541447,65,1800,0.04
16.40900195694716,0.03398998435914545,45000,1529.5492961615453,65,1800,0.04
16.53620352250489,0.03368223728770927,45000,1515.700677946917,65,1800,0.04
16.66340508806262,0.0333702743596938,45000,1501.662346186221,65,1800,0.04
16.79060665362035,0.033055556280018855,45000,1487.5000326008485,65,1800,0.04
16.91780821917808,0.03273630108320099,45000,1473.1335487440444,65,1800,0.04
17.04500978473581,0.03241441046549332,45000,1458.6484709471995,65,1800,0.04
17.17221135029354,0.03209056487760723,45000,1444.0754194923254,65,1800,0.04
17.29941291585127,0.03176353082761877,45000,1429.3588872428447,65,1800,0.04
17.426614481409,0.031435151616805414,45000,1414.5818227562436,65,1800,0.04
17.55381604696673,0.031105597638290405,45000,1399.7518937230682,65,1800,0.04
17.68101761252446,0.03077441216709721,45000,1384.8485475193743,65,1800,0.04
17.80821917808219,0.030442863685016607,45000,1369.9288658257474,65,1800,0.04
17.93542074363992,0.030110896442672813,45000,1354.9903399202765,65,1800,0.04
18.06262230919765,0.029778970397290563,45000,1340.0536678780754,65,1800,0.04
18.18982387475538,0.02944737083253367,45000,1325.1316874640152,65,1800,0.04
18.31702544031311,0.029116276498021613,45000,1310.2324424109727,65,1800,0.04
18.44422700587084,0.028786522304334646,45000,1295.393503695059,65,1800,0.04
18.57142857142857,0.028457716707231386,45000,1280.5972518254123,65,1800,0.04
18.6986301369863,0.028130452928748183,45000,1265.8703817936682,65,1800,0.04
18.82583170254403,0.02780546055031544,45000,1251.2457247641948,65,1800,0.04
18.95303326810176,0.027481960209316855,45000,1236.6882094192586,65,1800,0.04
19.08023483365949,0.027161090060847475,45000,1222.2490527381365,65,1800,0.04
19.20743639921722,0.026843076643999514,45000,1207.9384489799781,65,1800,0.04
19.33463796477495,0.02652701136511827,45000,1193.715511430322,65,1800,0.04
19.46183953033268,0.02621465353622713,45000,1179.6594091302209,65,1800,0.04
19.58904109589041,0.025905426820173726,45000,1165.7442069078177,65,1800,0.04
19.71624266144814,0.02559851110693548,45000,1151.9329998120966,65,1800,0.04
19.843444227005868,0.025296307348211353,45000,1138.333830669511,65,1800,0.04
19.970645792563598,0.024997243402460113,45000,1124.875953110705,65,1800,0.04
20.097847358121328,0.024700757013434483,45000,1111.5340656045516,65,1800,0.04
20.225048923679058,0.02440985716742231,45000,1098.4435725340038,65,1800,0.04
20.352250489236788,0.024121892516796972,45000,1085.4851632558637,65,1800,0.04
20.47945205479452,0.023836922270348036,45000,1072.6615021656617,65,1800,0.04
20.60665362035225,0.02355773968469558,45000,1060.0982858113011,65,1800,0.04
20.73385518590998,0.0232813774166329,45000,1047.6619837484805,65,1800,0.04
20.86105675146771,0.023008523071319207,45000,1035.3835382093644,65,1800,0.04
20.98825831702544,0.022741056192252352,45000,1023.3475286513558,65,1800,0.04
21.11545988258317,0.022476385223904407,45000,1011.4373350756983,65,1800,0.04
21.2426614481409,0.022215612387568567,45000,999.7025574405855,65,1800,0.04
21.36986301369863,0.021959647293756338,45000,988.1841282190352,65,1800,0.04
21.49706457925636,0.021706373615924816,45000,976.7868127166167,65,1800,0.04
21.62426614481409,0.02145723253266678,45000,965.575463970005,65,1800,0.04
21.75146771037182,0.021212204502351294,45000,954.5492026058082,65,1800,0.04
21.87866927592955,0.020969692918039306,45000,943.6361813117687,65,1800,0.04
22.00587084148728,0.02073137108951974,45000,932.9116990283883,65,1800,0.04
22.13307240704501,0.020496413565372573,45000,922.3386104417658,65,1800,0.04
22.26027397260274,0.0202637382043238,45000,911.868219194571,65,1800,0.04
22.38747553816047,0.020035122856381715,45000,901.5805285371772,65,1800,0.04
22.5146771037182,0.019809123647320105,45000,891.4105641294047,65,1800,0.04
22.64187866927593,0.019585125363569263,45000,881.3306413606168,65,1800,0.04
22.76908023483366,0.01936487327622898,45000,871.419297430304,65,1800,0.04
22.89628180039139,0.01914653600390709,45000,861.594120175819,65,1800,0.04
23.02348336594912,0.01892991014544998,45000,851.8459565452491,65,1800,0.04
23.15068493150685,0.018716496748772637,45000,842.2423536947687,65,1800,0.04
23.27788649706458,0.018504405480368993,45000,832.6982466166047,65,1800,0.04
23.40508806262231,0.01829385978934533,45000,823.2236905205399,65,1800,0.04
23.532289628180038,0.01808556305905917,45000,813.8503376576626,65,1800,0.04
23.659491193737768,0.01787824805592368,45000,804.5211625165657,65,1800,0.04
23.786692759295498,0.01767219346153542,45000,795.2487057690939,65,1800,0.04
23.913894324853228,0.01746754517201926,45000,786.0395327408668,65,1800,0.04
24.041095890410958,0.017263547722840486,45000,776.8596475278218,65,1800,0.04
24.168297455968688,0.017060429372464853,45000,767.7193217609183,65,1800,0.04
24.295499021526417,0.016858021828944504,45000,758.6109823025026,65,1800,0.04
24.422700587084147,0.01665595622390824,45000,749.5180300758708,65,1800,0.04
24.549902152641877,0.016454324312861087,45000,740.4445940787489,65,1800,0.04
24.677103718199607,0.0162528687316796,45000,731.379092925582,65,1800,0.04
24.804305283757337,0.016051479568515607,45000,722.3165805832023,65,1800,0.04
24.931506849315067,0.015850053737445847,45000,713.2524181850631,65,1800,0.04
25.058708414872797,0.015648432606137675,45000,704.1794672761954,65,1800,0.04
25.185909980430527,0.015446645797900355,45000,695.099060905516,65,1800,0.04
25.313111545988257,0.015244371122445765,45000,685.9967005100594,65,1800,0.04
25.440313111545986,0.015041683090768681,45000,676.8757390845907,65,1800,0.04
25.567514677103716,0.014838649166087663,45000,667.7392124739448,65,1800,0.04
25.694716242661446,0.014634742080632533,45000,658.5633936284639,65,1800,0.04
25.821917808219176,0.014430338187433138,45000,649.3652184344912,65,1800,0.04
25.949119373776906,0.014225415642035224,45000,640.143703891585,65,1800,0.04
26.076320939334636,0.014019449598395612,45000,630.8752319278026,65,1800,0.04
26.203522504892366,0.013812959926711733,45000,621.583196702028,65,1800,0.04
26.330724070450096,0.013605810706189896,45000,612.2614817785453,65,1800,0.04
26.457925636007825,0.013397667748485402,45000,602.89504868184315,65,1800,0.04
26.585127201565555,0.013189017915626065,45000,593.5058062031729,65,1800,0.04
26.712328767123285,0.0129796611823535,45000,584.0847532059075,65,1800,0.04
26.839530332681015,0.012769502302950712,45000,574.627603632782,65,1800,0.04
26.966731898238745,0.012558919524340547,45000,565.1513785953246,65,1800,0.04
27.093933463796475,0.012347712404375053,45000,555.6470581968774,65,1800,0.04
27.221135029354205,0.012135997789396679,45000,546.1199005228506,65,1800,0.04
27.348336594911935,0.011924006593648192,45000,536.5802967141686,65,1800,0.04
27.475538160469664,0.011711634966856508,45000,527.0235735085429,65,1800,0.04
27.602739726027394,0.011499111659408435,45000,517.4600246733796,65,1800,0.04
27.729941291585124,0.011286519664782413,45000,507.89338491520857,65,1800,0.04
27.857142857142854,0.011073977131329002,45000,498.3289709098051,65,1800,0.04
27.984344422700584,0.010861657325674068,45000,488.77457965533307,65,1800,0.04
28.111545988258314,0.010649531801386083,45000,479.2289310623737,65,1800,0.04
28.238747553816044,0.010438087900588141,45000,469.71395552646635,65,1800,0.04
28.365949119373774,0.010227218827272842,45000,460.2248472272779,65,1800,0.04
28.493150684931507,0.01001687553285186,45000,450.7593989783337,65,1800,0.04
28.620352250489237,0.009808014151122526,45000,441.3606368005137,65,1800,0.04
28.747553816046967,0.009600040756108952,45000,432.00183402490285,65,1800,0.04
28.874755381604697,0.009393125743012485,45000,422.69065843556183,65,1800,0.04
29.001956947162427,0.009188375972359733,45000,413.476918756188,65,1800,0.04
29.129158512720156,0.00898489778281226,45000,404.32040022655167,65,1800,0.04
29.256360078277886,0.00878317446988085,45000,395.2428511446383,65,1800,0.04
29.383561643835616,0.008584224929911878,45000,386.29012184603454,65,1800,0.04
29.510763209393346,0.008386948628328327,45000,377.4126882747747,65,1800,0.04
29.637964774951076,0.00819228338947112,45000,368.6527525262004,65,1800,0.04
29.765166340508806,0.008000890327472683,45000,360.0400647362707,65,1800,0.04
29.892367906066536,0.0078115796209313705,45000,351.5210829419117,65,1800,0.04
30.019569471624266,0.007625882567208482,45000,343.1647155243817,65,1800,0.04
30.146771037181995,0.007443818681524519,45000,334.97184066860336,65,1800,0.04
30.273972602739725,0.007264243054570228,45000,326.89093745566026,65,1800,0.04
30.401174168297455,0.007089408143481587,45000,319.0233664566714,65,1800,0.04
30.528375733855185,0.006918411551939854,45000,311.3285198372934,65,1800,0.04
30.655577299412915,0.006750295434637263,45000,303.7632945586768,65,1800,0.04
30.782778864970645,0.006588141812506671,45000,296.46638156280017,65,1800,0.04
30.909980430528375,0.006429866610825178,45000,289.34399748713304,65,1800,0.04
31.037181996086105,0.006274840385844643,45000,282.36781736300895,65,1800,0.04
31.164383561643834,0.006127056700955683,45000,275.71755154300575,65,1800,0.04
31.291585127201564,0.005983026413764746,45000,269.23618861941355,65,1800,0.04
31.418786692759294,0.005843006011247307,45000,262.9352705061288,65,1800,0.04
31.545988258317024,0.005710673746455251,45000,256.9803185904863,65,1800,0.04
31.673189823874754,0.005582238802029369,45000,251.2007460913216,65,1800,0.04
31.800391389432484,0.005458766183820055,45000,245.64447827190247,65,1800,0.04
31.927592954990214,0.0053429320833099005,45000,240.4319437489455,65,1800,0.04
32.054794520547944,0.005231232254986511,45000,235.40545147439298,65,1800,0.04
32.18199608610567,0.005125458747311091,45000,230.6456436289991,65,1800,0.04
32.3091976516634,0.0050270763071603684,45000,226.21843382221658,65,1800,0.04
32.43639921722113,0.004933008871632404,45000,221.9853992234582,65,1800,0.04
32.56360078277886,0.00484580350814997,45000,218.06115786674866,65,1800,0.04
32.6908023483366,0.004765562851205687,45000,214.4503283042559,65,1800,0.04
32.81800391389432,0.004689757026441497,45000,211.03906618986736,65,1800,0.04
32.945205479452056,0.004621679441103052,45000,207.97557484963733,65,1800,0.04
33.07240704500978,0.004559987095736798,45000,205.19941930815594,65,1800,0.04
33.199608610567516,0.004502785146518702,45000,202.6253315933416,65,1800,0.04
33.32681017612524,0.004454066725350924,45000,200.43300264079159,65,1800,0.04
33.454011741682976,0.004411032271266976,45000,198.49645220701393,65,1800,0.04
33.5812133072407,0.004372477512360768,45000,196.76148805623455,65,1800,0.04
33.708414872798436,0.0043430110201123345,45000,195.43549590505506,65,1800,0.04
33.83561643835616,0.004318440713108855,45000,194.32983208989847,65,1800,0.04
33.962818003913895,0.004298453413329738,45000,193.43040359983823,65,1800,0.04
34.09001956947162,0.004287610219644434,45000,192.9424598839995,65,1800,0.04
34.217221135029355,0.004281007580233718,45000,192.6453411105173,65,1800,0.04
34.34442270058708,0.00427947467362732,45000,192.5763603132294,65,1800,0.04
34.471624266144815,0.004286023517075988,45000,192.87105826841946,65,1800,0.04
34.59882583170254,0.004296596752733756,45000,193.34685387301903,65,1800,0.04
34.726027397260275,0.004312574602652059,45000,194.06585711934264,65,1800,0.04
34.853228962818,0.004335502230934051,45000,195.0976003920323,65,1800,0.04
34.980430528375734,0.004362178253098472,45000,196.29802138943126,65,1800,0.04
35.10763209393346,0.00439441418607414,45000,197.7486383733363,65,1800,0.04
35.234833659491194,0.004432441488254086,45000,199.45986697143388,65,1800,0.04
35.36203522504892,0.004473886177508208,45000,201.32487798786934,65,1800,0.04
35.489236790606654,0.00452084451456503,45000,203.43800315542634,65,1800,0.04
35.61643835616438,0.004572451495536494,45000,205.76031729914223,65,1800,0.04
35.743639921722114,0.004627095757158066,45000,208.21930907211296,65,1800,0.04
35.87084148727984,0.0046869906656993865,45000,210.91457995647238,65,1800,0.04
35.99804305283757,0.0047504467501803425,45000,213.77010375811543,65,1800,0.04
36.1252446183953,0.004816517784914844,45000,216.743300321168,65,1800,0.04
36.25244618395303,0.0048873521567979914,45000,219.93084705590962,65,1800,0.04
36.37964774951076,0.0049607511453009815,45000,223.23380153854416,65,1800,0.04
36.50684931506849,0.00503630823703443,45000,226.63387066654934,65,1800,0.04
36.63405088062622,0.005115917631699181,45000,230.21629342646315,65,1800,0.04
36.76125244618395,0.005197216505317065,45000,233.87474273926793,65,1800,0.04
36.88845401174168,0.005280362465122864,45000,237.6163109305289,65,1800,0.04
37.01565557729941,0.005366291026523892,45000,241.48309619357514,65,1800,0.04
37.14285714285714,0.005453351674621626,45000,245.4008253579732,65,1800,0.04
37.27005870841487,0.005541817750254185,45000,249.38179876143835,65,1800,0.04
37.3972602739726,0.005631826059614978,45000,253.432172682674,65,1800,0.04
37.52446183953033,0.005722458893136897,45000,257.5106501911603,65,1800,0.04
37.65166340508806,0.005813877212914792,45000,261.62447458116566,65,1800,0.04
37.77886497064579,0.005905765540649343,45000,265.75944932922044,65,1800,0.04
37.90606653620352,0.005997773863875435,45000,269.8998238743946,65,1800,0.04
38.03326810176125,0.006089785302969479,45000,274.04033863362656,65,1800,0.04
38.16046966731898,0.00618138172952814,45000,278.1621778287663,65,1800,0.04
38.28767123287671,0.006272605685302866,45000,282.26725583862896,65,1800,0.04
38.41487279843444,0.006362910679605414,45000,286.3309805822436,65,1800,0.04
38.54207436399217,0.006452113832964704,45000,290.34512248341167,65,1800,0.04
38.6692759295499,0.006540472720318017,45000,294.3212724143108,65,1800,0.04
38.79647749510763,0.006626879532076614,45000,298.20957894344764,65,1800,0.04
38.92367906066536,0.006711698736528958,45000,302.02644314380314,65,1800,0.04
39.05088062622309,0.006795230532603728,45000,305.78537396716774,65,1800,0.04
39.17808219178082,0.006875699516682328,45000,309.40647825070477,65,1800,0.04
39.30528375733855,0.006954291253353073,45000,312.9431064008883,65,1800,0.04
39.43248532289628,0.007031084808018998,45000,316.39881636085494,65,1800,0.04
39.55968688845401,0.007103870824720252,45000,319.67418711241135,65,1800,0.04
39.686888454011736,0.007174570535390646,45000,322.8556740925791,65,1800,0.04
39.81409001956947,0.007242735477819504,45000,325.9230965018777,65,1800,0.04
39.941291585127196,0.007306481385210058,45000,328.7916623344526,65,1800,0.04
40.06849315068493,0.007367829830978289,45000,331.552342394023,65,1800,0.04
40.195694716242656,0.007425863009565091,45000,334.1638354304291,65,1800,0.04
40.32289628180039,0.007479283852922648,45000,336.56777338151915,65,1800,0.04
40.450097847358116,0.007530047459220132,45000,338.852135664906,65,1800,0.04
40.57729941291585,0.007576704566509813,45000,340.9517054929416,65,1800,0.04
40.704500978473575,0.007618752801549754,45000,342.84387606973894,65,1800,0.04
40.83170254403131,0.0076579376684211085,45000,344.60719507894987,65,1800,0.04
40.95890410958904,0.007692247039792546,45000,346.15111679066456,65,1800,0.04
41.08610567514677,0.007722121386040824,45000,347.49546237183705,65,1800,0.04
41.2133072407045,0.0077489809019705,45000,348.7041405886725,65,1800,0.04
41.34050880626223,0.007770249565667301,45000,349.66123045502854,65,1800,0.04
41.46771037181996,0.007787397601368166,45000,350.4328920615675,65,1800,0.04
41.59491193737769,0.00780143385347858,45000,351.0645234065361,65,1800,0.04
41.72211350293542,0.00780924620078183,45000,351.41607903518235,65,1800,0.04
41.84931506849315,0.007813361088644824,45000,351.60124898901705,65,1800,0.04
41.97651663405088,0.007814320495173947,45000,351.6444222828276,65,1800,0.04
42.10371819960861,0.007808530232069424,45000,351.3838604431241,65,1800,0.04
42.23091976516634,0.007799542168081012,45000,350.97939756364553,65,1800,0.04
42.35812133072407,0.007786976245291577,45000,350.41393103812095,65,1800,0.04
42.4853228962818,0.007768122230943075,45000,349.56550039243837,65,1800,0.04
42.61252446183953,0.007746185364837531,45000,348.5783414176889,65,1800,0.04
42.73972602739726,0.007720270675743767,45000,347.4121804084695,65,1800,0.04
42.86692759295499,0.007688724426854499,45000,345.9925992084525,65,1800,0.04
42.99412915851272,0.007654200104798596,45000,344.4390047159368,65,1800,0.04
43.12133072407045,0.007615392829971762,45000,342.69267734872926,65,1800,0.04
43.24853228962818,0.0075716642508287905,45000,340.7248912872956,65,1800,0.04
43.375733855185906,0.007525101475408297,45000,338.62956639337335,65,1800,0.04
43.50293542074364,0.0074740601795794965,45000,336.3327080810773,65,1800,0.04
43.630136986301366,0.007418829980759331,45000,333.84734913416986,65,1800,0.04
43.7573385518591,0.0073609439724150565,45000,331.2424787586775,65,1800,0.04
43.884540117416826,0.007298503989559209,45000,328.4326795301644,65,1800,0.04
44.01174168297456,0.007232601319820446,45000,325.4670593919201,65,1800,0.04
44.138943248532286,0.007164251003995355,45000,322.391295179791,65,1800,0.04
44.26614481409002,0.0070913978788128525,45000,319.11290454657836,65,1800,0.04
44.393346379647745,0.00701577748531411,45000,315.70998683913496,65,1800,0.04
44.52054794520548,0.006937942630972157,45000,312.20741839374705,65,1800,0.04
44.647749510763205,0.006855785477365284,45000,308.5103464814378,65,1800,0.04
44.77495107632094,0.0067715050170648935,45000,304.71772576792023,65,1800,0.04
44.902152641878665,0.006685143234523256,45000,300.83144555354653,65,1800,0.04
45.0293542074364,0.006595009088733306,45000,296.7754089929988,65,1800,0.04
45.156555772994125,0.0065032070781714645,45000,292.64431851771593,65,1800,0.04
45.28375733855186,0.006409379959223777,45000,288.42209816506994,65,1800,0.04
45.410958904109584,0.006312640809504208,45000,284.06883642768935,65,1800,0.04
45.53816046966732,0.006214515563789907,45000,279.6532003705458,65,1800,0.04
45.665362035225044,0.006114529725382047,45000,275.1538376421921,65,1800,0.04
45.79256360078278,0.006012417112551237,45000,270.5587700648057,65,1800,0.04
45.919765166340504,0.005909206898953338,45000,265.9143104529002,65,1800,0.04
46.04696673189824,0.005804406884152122,45000,261.19830978684547,65,1800,0.04
46.174168297455964,0.005698177503119129,45000,256.4179876403608,65,1800,0.04
46.3013698630137,0.005591142029092862,45000,251.6013913091788,65,1800,0.04
46.42857142857142,0.005482889241661304,45000,246.7300158747587,65,1800,0.04
46.55577299412916,0.005373807535045925,45000,241.8213390770666,65,1800,0.04
46.68297455968688,0.005264210810242916,45000,236.88948646093124,65,1800,0.04
46.81017612524462,0.005153864124174965,45000,231.92388558787343,65,1800,0.04
46.93737769080234,0.005043186241638443,45000,226.94338087372992,65,1800,0.04
47.064579256360076,0.0049322808001580655,45000,221.95263600711294,65,1800,0.04
47.1917808219178,0.004821178808554668,45000,216.95304638496006,65,1800,0.04
47.318982387475536,0.0047101378931245375,45000,211.95620519060418,65,1800,0.04
47.44618395303326,0.00459915033417226,45000,206.9617650377517,65,1800,0.04
47.573385518590996,0.00448859517713551,45000,201.98678297109794,65,1800,0.04
47.70058708414872,0.004378387929473056,45000,197.0274568262875,65,1800,0.04
47.827788649706456,0.004268579053386733,45000,192.086057402403,65,1800,0.04
47.95499021526418,0.00415974843814343,45000,187.18867971645435,65,1800,0.04
48.082191780821915,0.004051522914174451,45000,182.31853113785027,65,1800,0.04
48.20939334637964,0.003944114082333731,45000,177.48513370501792,65,1800,0.04
48.336594911937375,0.0038381097774851727,45000,172.71493998683277,65,1800,0.04
48.4637964774951,0.003732954386705999,45000,167.98294740176996,65,1800,0.04
48.590998043052835,0.003629095709491752,45000,163.30930692712883,65,1800,0.04
48.71819960861056,0.0035269528494321902,45000,158.71287822444856,65,1800,0.04
48.845401174168295,0.003425886533334757,45000,154.16489400006407,65,1800,0.04
48.97260273972603,0.003326646760361596,45000,149.69910421627182,65,1800,0.04
49.099804305283755,0.00322932404867963,45000,145.31958219058336,65,1800,0.04
49.22700587084149,0.003133287625192138,45000,140.9979431336462,65,1800,0.04
49.354207436399214,0.003039644535948114,45000,136.78400411766515,65,1800,0.04
49.48140900195695,0.0029480165163737926,45000,132.66074323682068,65,1800,0.04
49.608610567514674,0.002857865173134806,45000,128.60393279106628,65,1800,0.04
49.73581213307241,0.0027706973558019967,45000,124.68138101108985,65,1800,0.04
49.863013698630134,0.0026855478079802586,45000,120.84965135911163,65,1800,0.04
49.99021526418787,0.0026020447133652284,45000,117.09201210143527,65,1800,0.04
50.11741682974559,0.0025221246806945525,45000,113.49561063125486,65,1800,0.04
50.24461839530333,0.002444141090705003,45000,109.98634908172514,65,1800,0.04
50.37181996086105,0.0023680999218723604,45000,106.56449648425621,65,1800,0.04
50.49902152641879,0.0022959406239533046,45000,103.31732807789871,65,1800,0.04
50.62622309197651,0.0022257096511821687,45000,100.15693430319759,65,1800,0.04
50.75342465753425,0.0021578641330222033,45000,97.10388598599914,65,1800,0.04
50.88062622309197,0.002093840563706614,45000,94.22282536679762,65,1800,0.04
51.007827788649706,0.002031844396574632,45000,91.43299784585845,65,1800,0.04
51.13502935420743,0.0019726796233232634,45000,88.77058304954686,65,1800,0.04
51.262230919765166,0.0019171904757467825,45000,86.2735714086052,65,1800,0.04
51.38943248532289,0.0018638039453828896,45000,83.87117754223003,65,1800,0.04
51.516634050880626,0.001813683781533622,45000,81.61577016901299,65,1800,0.04
51.64383561643835,0.0017670185412619163,45000,79.51583435678623,65,1800,0.04
51.771037181996086,0.001722506851009819,45000,77.51280829544186,65,1800,0.04
51.89823874755381,0.0016816714950633406,45000,75.67521727785032,65,1800,0.04
52.025440313111545,0.0016440085670526212,45000,73.98038551736795,65,1800,0.04
52.15264187866927,0.0016085255022621587,45000,72.38364760179714,65,1800,0.04
52.279843444227005,0.0015770895805895316,45000,70.96903112652892,65,1800,0.04
52.40704500978473,0.0015484948050723932,45000,69.68226622825769,65,1800,0.04
52.534246575342465,0.0015220813156218247,45000,68.49365920298212,65,1800,0.04
52.66144814090019,0.001500032392031045,45000,67.50145764139702,65,1800,0.04
52.788649706457925,0.0014804578824247198,45000,66.62060470911238,65,1800,0.04
52.91585127201565,0.0014630577726059094,45000,65.83759976726593,65,1800,0.04
53.043052837573384,0.0014502384475014126,45000,65.26073013756357,65,1800,0.04
53.17025440313111,0.0014395217515420996,45000,64.77847881939448,65,1800,0.04
53.297455968688844,0.0014312494363512029,45000,64.40622463580414,65,1800,0.04
53.42465753424657,0.0014270881618075458,45000,64.21896728133956,65,1800,0.04
53.551859099804304,0.0014249518314330568,45000,64.12283241448756,65,1800,0.04
53.67906066536203,0.001425473405611557,45000,64.14630325252006,65,1800,0.04
53.806262230919764,0.0014296030638406025,45000,64.33213787282712,65,1800,0.04
53.93346379647749,0.0014356548123269147,45000,64.60446655471117,65,1800,0.04
54.06066536203522,0.001444507864345419,45000,65.00285389554386,65,1800,0.04
54.18786692759295,0.0014564471899103635,45000,65.54012354596635,65,1800,0.04
54.31506849315068,0.0014701809066704889,45000,66.15814080017199,65,1800,0.04
54.44227005870841,0.0014867761101302812,45000,66.90492495586265,65,1800,0.04
54.56947162426614,0.0015059316390080625,45000,67.76692375536281,65,1800,0.04
54.69667318982387,0.001526729612258484,45000,68.70283255163179,65,1800,0.04
54.8238747553816,0.0015503539590045346,45000,69.76592815520405,65,1800,0.04
54.95107632093933,0.0015760235152835584,45000,70.92105818776012,65,1800,0.04
55.07827788649706,0.001603160269285263,45000,72.14221211783683,65,1800,0.04
55.20547945205479,0.001632982479904419,45000,73.48421159569885,65,1800,0.04
55.33268101761252,0.0016643606289083572,45000,74.89622830087607,65,1800,0.04
55.45988258317025,0.0016970088055542104,45000,76.36539624993947,65,1800,0.04
55.58708414872798,0.0017320874617781498,45000,77.94393578001674,65,1800,0.04
55.71428571428571,0.0017682733466645932,45000,79.5723005999067,65,1800,0.04
55.84148727984344,0.0018055957816548488,45000,81.25181017446819,65,1800,0.04
55.96868884540117,0.0018448069337365187,45000,83.01631201814334,65,1800,0.04
56.0958904109589,0.0018848148553208648,45000,84.81666848943891,65,1800,0.04
56.22309197651663,0.001925800891973235,45000,86.66104013879557,65,1800,0.04
56.35029354207436,0.001968027818697269,45000,88.56125184137711,65,1800,0.04
56.47749510763209,0.0020108008142872423,45000,90.48603664292591,65,1800,0.04
56.60469667318982,0.0020542912323465476,45000,92.44310545559465,65,1800,0.04
56.73189823874755,0.002098432404721418,45000,94.42945821246381,65,1800,0.04
56.85909980430528,0.0021428589343906513,45000,96.4286520475793,65,1800,0.04
56.986301369863014,0.002187640137897803,45000,98.44380620540113,65,1800,0.04
57.11350293542074,0.0022325547821877506,45000,100.46496519844878,65,1800,0.04
57.240704500978474,0.002277488447848789,45000,102.48698015319552,65,1800,0.04
57.3679060665362,0.0023223166831110574,45000,104.50425073999759,65,1800,0.04
57.495107632093934,0.002366846750970815,45000,106.50810379368669,65,1800,0.04
57.62230919765166,0.002411128766514702,45000,108.50079449316159,65,1800,0.04
57.74951076320939,0.0024547574963343466,45000,110.46408733504559,65,1800,0.04
57.87671232876712,0.0024977519950140424,45000,112.39883977563191,65,1800,0.04
58.00391389432485,0.0025402359095427003,45000,114.31061592942152,65,1800,0.04
58.13111545988258,0.0025814455974019807,45000,116.16505188308913,65,1800,0.04
58.25831702544031,0.0026217866070491805,45000,117.98039731721312,65,1800,0.04
58.38551859099804,0.002661346397964874,45000,119.76058790841932,65,1800,0.04
58.51272015655577,0.0026989938664968185,45000,121.45472399235683,65,1800,0.04
58.6399217221135,0.00273562338378567,45000,123.10305227035515,65,1800,0.04
58.76712328767123,0.0027710537466258704,45000,124.69741859816416,65,1800,0.04
58.89432485322896,0.002804230162210125,45000,126.19035729945563,65,1800,0.04
59.02152641878669,0.0028361767615364655,45000,127.62795426914094,65,1800,0.04
59.14872798434442,0.0028664620688491874,45000,128.99079309821343,65,1800,0.04
59.27592954990215,0.0028942806682069736,45000,130.2426300693138,65,1800,0.04
59.40313111545988,0.002920684877998714,45000,131.43081950994213,65,1800,0.04
59.53033268101761,0.0029449433240250336,45000,132.52244958112652,65,1800,0.04
59.65753424657534,0.0029666478075781677,45000,133.49915134101755,65,1800,0.04
59.78473581213307,0.0029867850707216152,45000,134.4053281824727,65,1800,0.04
59.9119373776908,0.0030042942838110517,45000,135.19324277149732,65,1800,0.04
60.03913894324853,0.003019279054060275,45000,135.86755743271237,65,1800,0.04
60.16634050880626,0.0030325791841360576,45000,136.4660632861226,65,1800,0.04
60.29354207436399,0.0030427971189831283,45000,136.92587035424077,65,1800,0.04
60.42074363992172,0.0030506232041660163,45000,137.27804418747073,65,1800,0.04
60.54794520547945,0.0030566853637997264,45000,137.55084137098768,65,1800,0.04
60.67514677103718,0.0030592653121961884,45000,137.66693904882848,65,1800,0.04
60.80234833659491,0.0030596711484812125,45000,137.68520168165458,65,1800,0.04
60.92954990215264,0.0030582735576757864,45000,137.6223100954104,65,1800,0.04
61.05675146771037,0.0030530723927950374,45000,137.38825767577669,65,1800,0.04
61.1839530332681,0.003045978868741588,45000,137.06904909337146,65,1800,0.04
61.31115459882583,0.003036897555306623,45000,136.66038998879804,65,1800,0.04
61.438356164383556,0.0030241618052996404,45000,136.08728123848383,65,1800,0.04
61.56555772994129,0.003009671246583512,45000,135.43520609625804,65,1800,0.04
61.692759295499016,0.0029929758586402615,45000,134.68391363881176,65,1800,0.04
61.81996086105675,0.0029730371698703495,45000,133.78667264416572,65,1800,0.04
61.947162426614476,0.0029514262423148154,45000,132.8141809041667,65,1800,0.04
62.07436399217221,0.0029274704812656807,45000,131.73617165695563,65,1800,0.04
62.201565557729936,0.0029007332055903195,45000,130.5329942515644,65,1800,0.04
62.32876712328767,0.002872440020237305,45000,129.2598009106787,65,1800,0.04
62.455968688845395,0.002841752549171477,45000,127.87886471271646,65,1800,0.04
62.58317025440313,0.0028087685948560816,45000,126.39458676852367,65,1800,0.04
62.710371819960855,0.0027743745895849204,45000,124.84685653132142,65,1800,0.04
62.83757338551859,0.002737635905680132,45000,123.19361575560595,65,1800,0.04
62.964774951076315,0.0026990829990741223,45000,121.4587349583355,65,1800,0.04
63.09197651663405,0.002659290427755546,45000,119.66806924899957,65,1800,0.04
63.219178082191775,0.0026173048377172896,45000,117.77871769727803,65,1800,0.04
63.34637964774951,0.0025739612281498,45000,115.828255266741,65,1800,0.04
63.473581213307234,0.0025295672938782637,45000,113.83052822452187,65,1800,0.04
63.60078277886497,0.0024832313992905137,45000,111.74541296807311,65,1800,0.04
63.727984344422694,0.002435948166512973,45000,109.61766749308379,65,1800,0.04
63.85518590998043,0.0023877930609083778,45000,107.450687740877,65,1800,0.04
63.982387475538154,0.002338086224838886,45000,105.21388011774987,65,1800,0.04
64.10958904109589,0.002287758429990881,45000,102.94912934958964,65,1800,0.04
64.23679060665361,0.0022366976686987844,45000,100.6513950914453,65,1800,0.04
64.36399217221134,0.002184646923085151,45000,98.3091115388318,65,1800,0.04
64.49119373776908,0.002132184852369645,45000,95.94831835663402,65,1800,0.04
64.6183953033268,0.002079199123630568,45000,93.56396056337556,65,1800,0.04
64.74559686888453,0.0020257080913552825,45000,91.15686411098771,65,1800,0.04
64.87279843444226,0.0019720097788021385,45000,88.74044004609624,65,1800,0.04
65,0.0019180568650644738,45000,86.31255892790132,65,1800,0.04
